Merek,Varian,Model,Tahun,Jarak tempuh,Tipe bahan bakar,Warna,Transmisi,Sistem Penggerak,Tipe bodi,Kapasitas mesin,Fitur tambahan,Tipe Penjual,Lokasi,Harga,Nama Bursa Mobil
Toyota,G,Calya,2016,40.000-45.000 km,Bensin,Hitam,Manual,Front Wheel Drive (FWD),MPV,>1.000 - 1.500 cc,"['Airbag', 'Bluetooth Audio', 'Electric Window', 'Jok kulit', 'Sensor Parkir']",Individu,"Sawangan, Depok Kota, Jawa Barat",Rp 111.000.000,
Toyota,V,Innova,2013,40.000-45.000 km,Bensin,Hitam,Manual,4X2,MPV,>2.000 - 3.000 cc,"['Airbag', 'Electric Window', 'Jok kulit', 'Sensor Parkir']",Individu,"Purworejo, Purworejo Kab., Jawa Tengah",Rp 172.500.000,
Honda,S,Mobilio,2017,40.000-45.000 km,Bensin,Hitam,Manual,Front Wheel Drive (FWD),Minibus,>1.500 - 2.000 cc,"['Airbag', 'Bluetooth Audio', 'Electric Window', 'GPS']",Individu,"Tampan, Pekanbaru Kota, Riau",Rp 154.000.000,
Toyota,V,Innova,2013,40.000-45.000 km,Bensin,Hitam,Manual,4X2,MPV,>2.000 - 3.000 cc,"['Airbag', 'Electric Window', 'Jok kulit', 'Sensor Parkir']",Individu,"Pakualaman, Yogyakarta Kota, Yogyakarta D.I.",Rp 172.500.000,
Toyota,2000,Corona,<1986,40.000-45.000 km,Bensin,Hitam,Manual,Rear Wheel Drive (RWD),Hatchback,>1.500 - 2.000 cc,"['Bluetooth Audio', 'Jok kulit']",Individu,"Bogor Tengah - Kota, Bogor Kota, Jawa Barat",Rp 74.750.000,
Daihatsu,R 1.3 Sporty,Xenia,2014,40.000-45.000 km,Bensin,Hitam,Manual,,Minibus,>1.000 - 1.500 cc,"['Airbag', 'Sensor Parkir', 'Kamera Belakang', 'GPS', 'Electric Window', 'Bluetooth Audio']",Individu,"Pondok Aren, Tangerang Selatan Kota, Banten",Rp 120.000.000,
Daihatsu,X,Luxio,2014,40.000-45.000 km,Bensin,Hitam,Manual,Front Wheel Drive (FWD),Van,>1.000 - 1.500 cc,"['Sensor Parkir', 'Airbag', 'Moonroof']",Individu,"Pasar Kemis, Tangerang Kab., Banten",Rp 120.000.000,
Toyota,Veloz,Avanza,2017,40.000-45.000 km,Bensin,Hitam,Manual,Front Wheel Drive (FWD),MPV,>1.000 - 1.500 cc,"['Airbag', 'Bluetooth Audio', 'Jok kulit']",Individu,"Setia Budi, Jakarta Selatan, Jakarta D.K.I.",Rp 155.000.000,
Suzuki,Mega Carry,APV,2016,40.000-45.000 km,Bensin,Hitam,Manual,Rear Wheel Drive (RWD),Pick-up,>1.000 - 1.500 cc,Bluetooth Audio,Individu,"Majenang, Cilacap Kab., Jawa Tengah",Rp 105.000.000,
Toyota,G,Rush,2014,40.000-45.000 km,Bensin,Hitam,Manual,4X2,Jeep,>1.000 - 1.500 cc,,Individu,"Sawangan, Depok Kota, Jawa Barat",Rp 163.000.000,
Honda,S,HR-V,2016,40.000-45.000 km,Bensin,Hitam,Manual,,MPV,,,Individu,"Kalidoni, Palembang Kota, Sumatra Selatan",Rp 198.000.000,
Toyota,E,Innova,2013,40.000-45.000 km,Bensin,Hitam,Manual,4X2,MPV,>1.500 - 2.000 cc,"['Airbag', 'Bluetooth Audio', 'Electric Window', 'Jok kulit']",Individu,"Pancoran, Jakarta Selatan, Jakarta D.K.I.",Rp 147.500.000,
Toyota,G,Avanza,2008,40.000-45.000 km,Bensin,Hitam,Manual,4X2,Minibus,>1.000 - 1.500 cc,"['Airbag', 'Bluetooth Audio']",Individu,"Plemahan, Kediri  Kab., Jawa Timur",Rp 95.500.000,
Mazda,Lain-lain,Lain-lain,2013,40.000-45.000 km,Bensin,Hitam,Manual,Front Wheel Drive (FWD),Minibus,>1.000 - 1.500 cc,"['Airbag', 'Bluetooth Audio', 'Electric Window', 'Jok kulit', 'Sensor Parkir']",Individu,"Taman Sari, Jakarta Barat, Jakarta D.K.I.",Rp 99.500.000,
Toyota,G,Avanza,2011,40.000-45.000 km,Bensin,Hitam,Manual,4X2,,>1.000 - 1.500 cc,"['Bluetooth Audio', 'Electric Window']",Individu,"Blimbing, Malang Kota, Jawa Timur",Rp 117.000.000,
Toyota,Veloz,Avanza,2013,40.000-45.000 km,Bensin,Hitam,Manual,,,,"['Sensor Parkir', 'Jok kulit', 'Airbag']",Individu,"Mamajang, Makassar Kota, Sulawesi Selatan",Rp 135.000.000,
Honda,Lain-lain,Lain-lain,1988,40.000-45.000 km,Bensin,Hitam,Manual,4X2,Sedan,>1.000 - 1.500 cc,,Individu,"Medan Satria, Bekasi Kota, Jawa Barat",Rp 37.000.000,
Toyota,E,Avanza,2015,40.000-45.000 km,Bensin,Hitam,Manual,,Minibus,>1.000 - 1.500 cc,"['Airbag', 'Electric Window', 'Jok kulit', 'Kamera Belakang', 'Sensor Parkir']",Individu,"Bandung Kulon, Bandung Kota, Jawa Barat",Rp 145.000.000,
Daihatsu,X Elegant,Ayla,2014,40.000-45.000 km,Bensin,Hitam,Manual,Front Wheel Drive (FWD),Hatchback,<1.000 cc,"['Bluetooth Audio', 'Electric Window', 'Sensor Parkir']",Individu,"Denpasar Timur, Denpasar Kota, Bali",Rp 86.000.000,
Toyota,S,Rush,2016,40.000-45.000 km,Bensin,Hitam,Manual,4X2,Minibus,>1.000 - 1.500 cc,"['Jok kulit', 'Electric Window', 'Kamera Belakang', 'Sensor Parkir', 'Airbag', 'Bluetooth Audio', 'GPS']",Individu,"Ciseeng, Bogor Kab., Jawa Barat",Rp 185.000.000,Bursa Gading Auto Center
Nissan,Lain-lain,Grand livina,2016,40.000-45.000 km,Bensin,Hitam,Manual,Front Wheel Drive (FWD),Minibus,>1.500 - 2.000 cc,"['Airbag', 'Electric Window', 'Sensor Parkir']",Individu,"Gondokusuman, Yogyakarta Kota, Yogyakarta D.I.",Rp 125.500.000,
Toyota,Veloz,Avanza,2017,40.000-45.000 km,Bensin,Hitam,Manual,4X2,Minibus,>1.000 - 1.500 cc,"['Airbag', 'Bluetooth Audio', 'Electric Window', 'GPS', 'Jok kulit', 'Kamera Belakang', 'Sensor Parkir']",Individu,"Padang Utara, Padang Kota, Sumatra Barat",Rp 175.000.000,
Toyota,V Luxury,Innova,2015,40.000-45.000 km,Bensin,Hitam,Manual,4X2,Minibus,>1.500 - 2.000 cc,"['GPS', 'Kamera Belakang', 'Bluetooth Audio', 'Sensor Parkir', 'Airbag', 'Electric Window']",Individu,"Nanggalo, Padang Kota, Sumatra Barat",Rp 250.000.000,
Toyota,G,Calya,2016,40.000-45.000 km,Bensin,Hitam,Manual,4X2,MPV,>1.000 - 1.500 cc,"['Airbag', 'Electric Window', 'Jok kulit', 'Sensor Parkir', 'Kamera Belakang']",Individu,"Jekan Raya, Palangkaraya Kota, Kalimantan Tengah",Rp 130.000.000,
Toyota,Lain-lain,Lain-lain,1995,40.000-45.000 km,Bensin,Hitam,Manual,All Wheel Drive (AWD),,>1.500 - 2.000 cc,,Individu,"Berbah, Sleman Kab., Yogyakarta D.I.",Rp 42.000.000,
Honda,Lain-lain,Prestige,1987,40.000-45.000 km,Bensin,Hitam,Manual,Rear Wheel Drive (RWD),Sedan,>1.500 - 2.000 cc,Electric Window,Individu,"Weru, Sukoharjo Kab., Jawa Tengah",Rp 18.000.000,
Chevrolet,LT,Spin,2013,40.000-45.000 km,Bensin,Hitam,Manual,4X2,Minibus,>1.000 - 1.500 cc,"['Airbag', 'Electric Window', 'Jok kulit', 'Sensor Parkir']",Individu,"Lemahwungkuk, Cirebon Kota, Jawa Barat",Rp 88.000.000,
Daihatsu,R 1.3 DLX,Xenia,2014,40.000-45.000 km,Bensin,Hitam,Manual,Rear Wheel Drive (RWD),Minibus,>1.000 - 1.500 cc,"['Airbag', 'Bluetooth Audio', 'Electric Window', 'Sensor Parkir']",Individu,"Mergangsan, Yogyakarta Kota, Yogyakarta D.I.",Rp 124.000.000,
Mitsubishi,Pick Up,T120SS,2014,40.000-45.000 km,Bensin,Hitam,Manual,4X2,Pick-up,>1.000 - 1.500 cc,,Individu,"Lima Puluh, Pekanbaru Kota, Riau",Rp 50.000.000,
Honda,2.0,CR-V,2005,40.000-45.000 km,Bensin,Hitam,Manual,,Minibus,>1.500 - 2.000 cc,,Individu,"Kuta Selatan, Kab. Badung, Bali",Rp 95.000.000,
Honda,i-DSI,Jazz,2005,40.000-45.000 km,Bensin,Hitam,Manual,4X2,Compact & City Car,>1.000 - 1.500 cc,"['Electric Window', 'Jok kulit']",Individu,"Jaten, Karanganyar Kab., Jawa Tengah",Rp 80.000.000,
Daihatsu,Lain-lain,Gran max,2015,40.000-45.000 km,Bensin,Hitam,Manual,4X2,Minibus,>1.000 - 1.500 cc,,Individu,"Wiyung, Surabaya Kota, Jawa Timur",Rp 103.000.000,
Nissan,Lain-lain,Grand livina,2013,40.000-45.000 km,Bensin,Hitam,Manual,Front Wheel Drive (FWD),MPV,>1.500 - 2.000 cc,,Individu,"Bungus Teluk Kabung, Padang Kota, Sumatra Barat",Rp 110.000.000,
Toyota,Lain-lain,Kijang Pick-Up,2001,40.000-45.000 km,Bensin,Hitam,Manual,4X2,Pick-up,>1.500 - 2.000 cc,,Individu,"Sukmajaya, Depok Kota, Jawa Barat",Rp 42.500.000,
Toyota,S,Avanza,2011,40.000-45.000 km,Bensin,Hitam,Manual,Rear Wheel Drive (RWD),MPV,>1.000 - 1.500 cc,"['Sensor Parkir', 'Electric Window']",Individu,"Banguntapan, Bantul Kab., Yogyakarta D.I.",Rp 120.000.000,
Suzuki,5 MT,Jimny,1992,40.000-45.000 km,Bensin,Hitam,Manual,4X2,Jeep,<1.000 cc,,Individu,"Payakumbuh Selatan, Payakumbuh Kota, Sumatra Barat",Rp 37.500.000,
Datsun,Panca T,Go+,2014,40.000-45.000 km,Bensin,Hitam,Manual,Front Wheel Drive (FWD),MPV,>1.000 - 1.500 cc,"['Sensor Parkir', 'Electric Window']",Individu,"Sidoarjo, Sidoarjo  Kab., Jawa Timur",Rp 81.000.000,
Daihatsu,Lain-lain,Gran max Pick-up,2018,40.000-45.000 km,Bensin,Hitam,Manual,4X2,Pick-up,>1.500 - 2.000 cc,Bluetooth Audio,Individu,"Kediri, Tabanan Kab., Bali",Rp 108.000.000,
Daihatsu,X Prestige,Luxio,2014,40.000-45.000 km,Bensin,Hitam,Manual,4X2,Minibus,>1.000 - 1.500 cc,"['Bluetooth Audio', 'Electric Window', 'Sensor Parkir']",Individu,"Medan Petisah, Medan Kota, Sumatra Utara",Rp 142.000.000,
Suzuki,GX,Ertiga,2014,40.000-45.000 km,Bensin,Hitam,Manual,Front Wheel Drive (FWD),Minibus,>1.000 - 1.500 cc,"['Airbag', 'Jok kulit', 'Sensor Parkir']",Individu,"Tanggul, Jember Kab., Jawa Timur",Rp 132.000.000,
Suzuki,Lain-lain,Carry,2015,40.000-45.000 km,Bensin,Hitam,Manual,Front Wheel Drive (FWD),Pick-up,>1.000 - 1.500 cc,Jok kulit,Individu,"Medan Kota, Medan Kota, Sumatra Utara",Rp 70.500.000,
Daihatsu,1.2 R,Sigra,2016,40.000-45.000 km,Bensin,Hitam,Manual,Front Wheel Drive (FWD),MPV,>1.000 - 1.500 cc,"['Airbag', 'Bluetooth Audio', 'Jok kulit', 'Sensor Parkir']",Individu,"Balikpapan Selatan, Balikpapan Kota, Kalimantan Timur",Rp 115.000.000,
Chevrolet,Lain-lain,Optra,2009,40.000-45.000 km,Bensin,Hitam,Manual,4X2,Sedan,>1.000 - 1.500 cc,"['Airbag', 'Bluetooth Audio', 'Electric Window', 'GPS', 'Jok kulit']",Individu,"Medan Helvetia, Medan Kota, Sumatra Utara",Rp 115.000.000,
Mitsubishi,Pick Up,T120SS,2017,40.000-45.000 km,Bensin,Hitam,Manual,4X2,Pick-up,>1.000 - 1.500 cc,,Individu,"Prambanan, Klaten Kab., Jawa Tengah",Rp 80.000.000,
Suzuki,GX,Swift,2013,40.000-45.000 km,Bensin,Hitam,Manual,Front Wheel Drive (FWD),Hatchback,>1.000 - 1.500 cc,"['Airbag', 'Bluetooth Audio', 'Electric Window', 'GPS', 'Jok kulit', 'Kamera Belakang', 'Sensor Parkir']",Individu,"Krembangan, Surabaya Kota, Jawa Timur",Rp 142.000.000,
Toyota,G,Avanza,2017,40.000-45.000 km,Bensin,Hitam,Manual,4X2,MPV,>1.000 - 1.500 cc,"['Sensor Parkir', 'Electric Window', 'Airbag']",Individu,"Denpasar Timur, Denpasar Kota, Bali",Rp 164.000.000,
Suzuki,GL,Splash,2011,40.000-45.000 km,Bensin,Hitam,Manual,Front Wheel Drive (FWD),Hatchback,>1.000 - 1.500 cc,Jok kulit,Individu,"Koja, Jakarta Utara, Jakarta D.K.I.",Rp 75.000.000,
Suzuki,GL,Splash,2011,40.000-45.000 km,Bensin,Hitam,Manual,Front Wheel Drive (FWD),Hatchback,>1.000 - 1.500 cc,Jok kulit,Individu,"Koja, Jakarta Utara, Jakarta D.K.I.",Rp 75.000.000,
Honda,Lain-lain,Prestige,1987,40.000-45.000 km,Bensin,Hitam,Manual,All Wheel Drive (AWD),Sedan,>1.500 - 2.000 cc,Bluetooth Audio,Individu,"Krian, Sidoarjo  Kab., Jawa Timur",Rp 23.000.000,
Daihatsu,X,Ayla,2015,40.000-45.000 km,Bensin,Hitam,Manual,4X2,Compact & City Car,<1.000 cc,"['Airbag', 'Bluetooth Audio', 'Electric Window', 'Sensor Parkir']",Individu,"Cileungsi, Bogor Kab., Jawa Barat",Rp 87.000.000,
Toyota,G,Avanza,2017,40.000-45.000 km,Bensin,Hitam,Manual,,Minibus,>1.000 - 1.500 cc,"['Airbag', 'Bluetooth Audio', 'Electric Window', 'GPS', 'Jok kulit', 'Kamera Belakang', 'Moonroof', 'Sensor Parkir', 'Sunroof']",Individu,"Cipayung, Jakarta Timur, Jakarta D.K.I.",Rp 171.000.000,
Toyota,Lain-lain,Avanza,2012,40.000-45.000 km,Bensin,Hitam,Manual,,,>1.000 - 1.500 cc,,Individu,"Medan Johor, Medan Kota, Sumatra Utara",Rp 105.000.000,
Daihatsu,D,Luxio,2012,40.000-45.000 km,Bensin,Hitam,Manual,4X2,Minibus,>1.000 - 1.500 cc,,Individu,"Banjarsari, Surakarta Kota, Jawa Tengah",Rp 85.000.000,
Honda,Satya E,Brio,2015,40.000-45.000 km,Bensin,Hitam,Manual,Front Wheel Drive (FWD),Minibus,>1.000 - 1.500 cc,"['Jok kulit', 'Sensor Parkir', 'Electric Window', 'Airbag']",Individu,"Ngaglik, Sleman Kab., Yogyakarta D.I.",Rp 110.000.000,
Honda,Lain-lain,Maestro,1992,40.000-45.000 km,Bensin,Hitam,Manual,Front Wheel Drive (FWD),Sedan,>1.500 - 2.000 cc,"['Bluetooth Audio', 'Electric Window', 'Jok kulit']",Individu,"Denpasar Utara, Denpasar Kota, Bali",Rp 37.000.000,
Suzuki,Lain-lain,Futura,2008,40.000-45.000 km,Bensin,Hitam,Manual,Rear Wheel Drive (RWD),Pick-up,>1.000 - 1.500 cc,Jok kulit,Individu,"Kayu Agung, Ogan Komering Ilir Kab., Sumatra Selatan",Rp 40.000.000,Bursa Gading Auto Center
Mitsubishi,Pick Up,T120SS,2015,40.000-45.000 km,Bensin,Hitam,Manual,,Pick-up,>1.000 - 1.500 cc,,Individu,"Pundong, Bantul Kab., Yogyakarta D.I.",Rp 75.000.000,
Timor,1.6,DOHC,2001,40.000-45.000 km,Bensin,Hitam,Manual,4X2,Sedan,>1.500 - 2.000 cc,"['Electric Window', 'Jok kulit']",Individu,"Banyuurip, Purworejo Kab., Jawa Tengah",Rp 30.000.000,Carsentro Yogyakarta
Toyota,Lain-lain,Etios Valco,2016,40.000-45.000 km,Bensin,Hitam,Manual,,,,,Individu,"Kenjeran, Surabaya Kota, Jawa Timur",Rp 120.000.000,
Suzuki,GL,Splash,2012,40.000-45.000 km,Bensin,Hitam,Manual,Front Wheel Drive (FWD),Hatchback,>1.000 - 1.500 cc,"['Bluetooth Audio', 'Electric Window']",Individu,"Legok, Tangerang Kab., Banten",Rp 85.000.000,
Mitsubishi,Lain-lain,Lain-lain,2008,40.000-45.000 km,Bensin,Hitam,Manual,4X2,Pick-up,>1.000 - 1.500 cc,,Individu,"Cianjur, Cianjur Kab., Jawa Barat",Rp 45.000.000,
Honda,S,Mobilio,2017,40.000-45.000 km,Bensin,Hitam,Manual,Front Wheel Drive (FWD),MPV,>1.000 - 1.500 cc,"['Sensor Parkir', 'Kamera Belakang']",Individu,"Tenggilis Mejoyo, Surabaya Kota, Jawa Timur",Rp 95.000.000,
Daihatsu,Lain-lain,Gran max,2016,40.000-45.000 km,Bensin,Hitam,Manual,4X2,Pick-up,>1.000 - 1.500 cc,,Individu,"Mangkubumi, Tasikmalaya Kota, Jawa Barat",Rp 80.000.000,
Suzuki,Lain-lain,Katana,1990,40.000-45.000 km,Bensin,Hitam,Manual,All Wheel Drive (AWD),Jeep,>1.000 - 1.500 cc,"['Bluetooth Audio', 'Jok kulit']",Individu,"Denpasar Selatan, Denpasar Kota, Bali",Rp 30.000.000,
Daihatsu,TS Extra,Terios,2014,40.000-45.000 km,Bensin,Hitam,Manual,Front Wheel Drive (FWD),SUV,>1.000 - 1.500 cc,"['Airbag', 'Electric Window', 'Jok kulit', 'Sensor Parkir']",Individu,"Kemayoran, Jakarta Pusat, Jakarta D.K.I.",Rp 117.500.000,
Honda,E,Mobilio,2017,40.000-45.000 km,Bensin,Hitam,Manual,Front Wheel Drive (FWD),Compact & City Car,>1.000 - 1.500 cc,"['Airbag', 'Bluetooth Audio', 'GPS', 'Jok kulit', 'Sensor Parkir']",Individu,"Marpoyan Damai, Pekanbaru Kota, Riau",Rp 154.500.000,
Honda,E,Brio,2015,40.000-45.000 km,Bensin,Hitam,Manual,4X2,Minibus,>1.000 - 1.500 cc,"['Airbag', 'Bluetooth Audio', 'GPS']",Individu,"Soreang, Bandung Kab., Jawa Barat",Rp 99.000.000,
Daihatsu,1.2 R,Sigra,2017,40.000-45.000 km,Bensin,Hitam,Manual,All Wheel Drive (AWD),MPV,>1.000 - 1.500 cc,"['Airbag', 'Bluetooth Audio', 'GPS', 'Jok kulit', 'Sensor Parkir']",Individu,"Penjaringan, Jakarta Utara, Jakarta D.K.I.",Rp 102.000.000,
Daihatsu,D,Sirion,2013,40.000-45.000 km,Bensin,Hitam,Manual,Front Wheel Drive (FWD),Compact & City Car,>1.000 - 1.500 cc,"['Bluetooth Audio', 'Electric Window', 'Sensor Parkir']",Individu,"Cilandak, Jakarta Selatan, Jakarta D.K.I.",Rp 85.000.000,
Suzuki,GX,Ertiga,2017,40.000-45.000 km,Bensin,Hitam,Manual,Front Wheel Drive (FWD),MPV,>1.000 - 1.500 cc,"['Airbag', 'Electric Window', 'Sensor Parkir']",Individu,"Blora kota, Blora Kab., Jawa Tengah",Rp 180.000.000,
Toyota,G,Avanza,2010,40.000-45.000 km,Bensin,Hitam,Manual,4X2,Minibus,>1.000 - 1.500 cc,"['Bluetooth Audio', 'Airbag', 'Electric Window', 'Jok kulit']",Individu,"Ngaglik, Sleman Kab., Yogyakarta D.I.",Rp 105.000.000,Carsentro Yogyakarta
Daihatsu,Lain-lain,Gran max,2008,40.000-45.000 km,Bensin,Hitam,Manual,Front Wheel Drive (FWD),MPV,>1.000 - 1.500 cc,Bluetooth Audio,Individu,"Kotabumi Selatan, Lampung Utara Kab., Lampung",Rp 56.000.000,
Toyota,E,Avanza,2016,40.000-45.000 km,Bensin,Hitam,Manual,Rear Wheel Drive (RWD),Compact & City Car,>1.000 - 1.500 cc,"['Airbag', 'Electric Window']",Individu,"Kebon Jeruk, Jakarta Barat, Jakarta D.K.I.",Rp 124.000.000,
Suzuki,GL,Ertiga,2015,40.000-45.000 km,Bensin,Hitam,Manual,Front Wheel Drive (FWD),MPV,>1.000 - 1.500 cc,"['Airbag', 'Bluetooth Audio', 'Electric Window', 'Sensor Parkir']",Individu,"Cipondoh, Tangerang Kota, Banten",Rp 123.000.000,
Toyota,Veloz,Avanza,2015,40.000-45.000 km,Bensin,Hitam,Manual,4X2,MPV,>1.000 - 1.500 cc,"['Airbag', 'Bluetooth Audio', 'Electric Window', 'Jok kulit', 'Kamera Belakang', 'Sensor Parkir']",Individu,"Medan Maimun, Medan Kota, Sumatra Utara",Rp 166.000.000,
Daihatsu,Lain-lain,Gran max,2014,40.000-45.000 km,Bensin,Hitam,Manual,4X2,Minibus,>1.000 - 1.500 cc,,Individu,"Sumbang, Banyumas Kab., Jawa Tengah",Rp 110.000.000,
Honda,E,Mobilio,2014,40.000-45.000 km,Bensin,Hitam,Manual,4X2,Minibus,>1.000 - 1.500 cc,Jok kulit,Individu,"Candi, Sidoarjo  Kab., Jawa Timur",Rp 135.000.000,
Nissan,1.6 Sedan,Sentra,1990,40.000-45.000 km,Bensin,Hitam,Manual,Front Wheel Drive (FWD),Sedan,>1.500 - 2.000 cc,Jok kulit,Individu,"Kembangan, Jakarta Barat, Jakarta D.K.I.",Rp 15.000.000,
Daihatsu,1.2 R,Sigra,2017,40.000-45.000 km,Bensin,Hitam,Manual,Rear Wheel Drive (RWD),MPV,>1.000 - 1.500 cc,"['Airbag', 'Bluetooth Audio', 'Electric Window', 'Sensor Parkir']",Individu,"Kotagede, Yogyakarta Kota, Yogyakarta D.I.",Rp 112.000.000,
Geely,1.5,MK,2012,40.000-45.000 km,Bensin,Hitam,Manual,4X2,Sedan,>1.000 - 1.500 cc,,Individu,"Prajurit Kulon, Mojokerto Kota, Jawa Timur",Rp 55.000.000,
Honda,Satya E,Brio,2014,40.000-45.000 km,Bensin,Hitam,Manual,4X2,Hatchback,>1.000 - 1.500 cc,"['Airbag', 'Jok kulit']",Individu,"Cicalengka, Bandung Kab., Jawa Barat",Rp 100.000.000,
Daihatsu,D,Sirion,2014,40.000-45.000 km,Bensin,Hitam,Manual,Front Wheel Drive (FWD),Compact & City Car,>1.000 - 1.500 cc,"['Bluetooth Audio', 'Electric Window', 'Sensor Parkir']",Individu,"Serpong Utara, Tangerang Selatan Kota, Banten",Rp 89.000.000,
Mercedes-Benz,C180,C-Class,1995,40.000-45.000 km,Bensin,Hitam,Manual,4X2,Sedan,>1.500 - 2.000 cc,"['Airbag', 'Jok kulit']",,"Pondok Gede, Bekasi Kota, Jawa Barat",Rp 37.500.000,Bursa Mobil POSH Bekasi
Mitsubishi,Pick Up,T120SS,2013,40.000-45.000 km,Bensin,Hitam,Manual,4X2,Pick-up,>1.000 - 1.500 cc,,Individu,"Purwokerto Selatan, Banyumas Kab., Jawa Tengah",Rp 70.000.000,
Daihatsu,Lain-lain,Classy,1991,40.000-45.000 km,Bensin,Hitam,Manual,4X2,Classic Car,>1.000 - 1.500 cc,Electric Window,Individu,"Lubuk Begalung, Padang Kota, Sumatra Barat",Rp 19.000.000,
BMW,318i E30 1.8,Serie 3,1991,40.000-45.000 km,Bensin,Hitam,Manual,Rear Wheel Drive (RWD),Sedan,>1.500 - 2.000 cc,"['Electric Window', 'Jok kulit']",Individu,"Pondok Gede, Bekasi Kota, Jawa Barat",Rp 40.000.000,
Suzuki,Lain-lain,Futura,2002,40.000-45.000 km,Bensin,Hitam,Manual,All Wheel Drive (AWD),Minibus,>1.000 - 1.500 cc,,Individu,"Medan Johor, Medan Kota, Sumatra Utara",Rp 44.000.000,
Mitsubishi,Lain-lain,Lain-lain,2015,40.000-45.000 km,Bensin,Hitam,Manual,,Pick-up,>1.000 - 1.500 cc,,Individu,"Pangkalan Lada, Kotawaringin Barat Kab., Kalimantan Tengah",Rp 75.000.000,
Toyota,SGX,Kijang,1997,40.000-45.000 km,Bensin,Hitam,Manual,4X2,Minibus,>1.500 - 2.000 cc,Jok kulit,Individu,"Banda Raya, Banda Aceh Kota, Aceh D.I.",Rp 65.000.000,
Toyota,G Luxury,Avanza,2014,40.000-45.000 km,Bensin,Hitam,Manual,,Minibus,>1.000 - 1.500 cc,Airbag,Individu,"Aur Birugo Tigo Baleh, Bukittinggi Kota, Sumatra Barat",Rp 142.500.000,
Suzuki,Lain-lain,Wagon R,2015,40.000-45.000 km,Bensin,Hitam,Manual,4X2,Compact & City Car,<1.000 cc,Airbag,Individu,"Mulyorejo, Surabaya Kota, Jawa Timur",Rp 87.500.000,
Honda,1.6,Accord,<1986,40.000-45.000 km,Bensin,Hitam,Manual,Front Wheel Drive (FWD),Sedan,>1.500 - 2.000 cc,"['Bluetooth Audio', 'Jok kulit']",Individu,"Kemang, Bogor Kab., Jawa Barat",Rp 17.000.000,
Toyota,1.3,Corolla,1990,40.000-45.000 km,Bensin,Hitam,Manual,Front Wheel Drive (FWD),Sedan,>1.000 - 1.500 cc,,Individu,"Jagakarsa, Jakarta Selatan, Jakarta D.K.I.",Rp 23.000.000,
Daihatsu,TX,Terios,2015,40.000-45.000 km,Bensin,Hitam,Manual,Rear Wheel Drive (RWD),Minibus,>1.500 - 2.000 cc,"['Airbag', 'Bluetooth Audio', 'Electric Window', 'GPS', 'Kamera Belakang', 'Sensor Parkir']",Individu,"Setu, Bekasi Kab., Jawa Barat",Rp 145.000.000,
Suzuki,Lain-lain,Carry Pick-up,2015,40.000-45.000 km,Bensin,Hitam,Manual,Rear Wheel Drive (RWD),Pick-up,>1.500 - 2.000 cc,,Individu,"Wawo, Bima Kab., Nusa Tenggara Barat",Rp 82.000.000,
Daihatsu,Lain-lain,Ayla,2018,40.000-45.000 km,Bensin,Hitam,Manual,Front Wheel Drive (FWD),Compact & City Car,>1.000 - 1.500 cc,"['Electric Window', 'Jok kulit', 'Kamera Belakang', 'Sensor Parkir']",Individu,"Kalidoni, Palembang Kota, Sumatra Selatan",Rp 105.000.000,
Toyota,G,Etios,2013,40.000-45.000 km,Bensin,Hitam,Manual,,,,,Individu,"Jatinegara, Jakarta Timur, Jakarta D.K.I.",Rp 92.000.000,
Chevrolet,Lain-lain,Cruze,2010,40.000-45.000 km,Bensin,Hitam,Manual,Front Wheel Drive (FWD),Sedan,>1.500 - 2.000 cc,Sensor Parkir,Individu,"Wiyung, Surabaya Kota, Jawa Timur",Rp 105.000.000,
Toyota,G,Rush,2015,40.000-45.000 km,Bensin,Hitam,Manual,Rear Wheel Drive (RWD),SUV,>1.000 - 1.500 cc,"['Airbag', 'Electric Window', 'Sensor Parkir']",Individu,"Driyorejo, Gresik Kab., Jawa Timur",Rp 165.000.000,
Toyota,G,Innova,2009,40.000-45.000 km,Bensin,Hitam,Manual,All Wheel Drive (AWD),MPV,>2.000 - 3.000 cc,"['Airbag', 'Electric Window', 'Sensor Parkir']",Individu,"Tebet, Jakarta Selatan, Jakarta D.K.I.",Rp 122.000.000,
Daihatsu,Adventure R,Terios,2016,40.000-45.000 km,Bensin,Hitam,Manual,Rear Wheel Drive (RWD),Minibus,>1.500 - 2.000 cc,"['Bluetooth Audio', 'Electric Window', 'GPS', 'Kamera Belakang', 'Sensor Parkir']",Individu,"Pontianak Kota, Pontianak Kota, Kalimantan Barat",Rp 173.000.000,
Toyota,J,Innova,2015,40.000-45.000 km,Bensin,Hitam,Manual,Rear Wheel Drive (RWD),Minibus,>1.500 - 2.000 cc,"['Sensor Parkir', 'Airbag', 'Electric Window']",Individu,"Sukarame, Bandar Lampung Kota, Lampung",Rp 164.000.000,
Suzuki,Lain-lain,Carry,2013,40.000-45.000 km,Bensin,Hitam,Manual,,Pick-up,>1.000 - 1.500 cc,,Individu,"Telukjambe Barat, Karawang Kab., Jawa Barat",Rp 67.000.000,
Toyota,V,Innova,2016,40.000-45.000 km,Bensin,Hitam,Manual,4X2,,>1.500 - 2.000 cc,"['Airbag', 'Electric Window']",Individu,"Palmerah, Jakarta Barat, Jakarta D.K.I.",Rp 258.000.000,
Daihatsu,Lain-lain,Gran max Pick-up,2014,40.000-45.000 km,Bensin,Hitam,Manual,4X2,Pick-up,>1.000 - 1.500 cc,,Individu,"Medan Baru, Medan Kota, Sumatra Utara",Rp 56.000.000,
Daihatsu,1.2 R,Sigra,2018,40.000-45.000 km,Bensin,Hitam,Manual,Front Wheel Drive (FWD),MPV,>1.000 - 1.500 cc,"['Airbag', 'Bluetooth Audio', 'Electric Window', 'Jok kulit', 'Sensor Parkir']",Individu,"Tanah Sereal, Bogor Kota, Jawa Barat",Rp 88.000.000,
Datsun,Panca T Opt,Go+,2014,40.000-45.000 km,Bensin,Hitam,Manual,Front Wheel Drive (FWD),MPV,>1.000 - 1.500 cc,"['Airbag', 'Electric Window', 'Sensor Parkir']",Individu,"Kartoharjo, Madiun Kota, Jawa Timur",Rp 75.000.000,
Geely,1.3,Panda,2011,40.000-45.000 km,Bensin,Hitam,Manual,4X2,Compact & City Car,>1.000 - 1.500 cc,"['Airbag', 'Bluetooth Audio', 'Electric Window', 'Jok kulit', 'Sensor Parkir']",Individu,"Pinang (Penang), Tangerang Kota, Banten",Rp 37.000.000,
Toyota,G,Vios,2013,40.000-45.000 km,Bensin,Hitam,Manual,,Sedan,>1.000 - 1.500 cc,"['Airbag', 'Bluetooth Audio', 'Electric Window', 'Sensor Parkir']",Individu,"Medan Kota, Medan Kota, Sumatra Utara",Rp 150.000.000,
Daihatsu,M 1.0 Sporty,Xenia,2018,40.000-45.000 km,Bensin,Hitam,Manual,Front Wheel Drive (FWD),Minibus,<1.000 cc,"['Airbag', 'Bluetooth Audio', 'Electric Window']",Individu,"Antapani (Cicadas), Bandung Kota, Jawa Barat",Rp 107.500.000,
Toyota,G,Avanza,2015,40.000-45.000 km,Bensin,Hitam,Manual,Front Wheel Drive (FWD),Minibus,>1.500 - 2.000 cc,"['GPS', 'Jok kulit']",Individu,"Wonocolo, Surabaya Kota, Jawa Timur",Rp 132.000.000,
Toyota,Lain-lain,Lain-lain,2015,40.000-45.000 km,Bensin,Hitam,Manual,Rear Wheel Drive (RWD),,>1.000 - 1.500 cc,"['Airbag', 'Electric Window', 'Sunroof', 'Jok kulit']",Individu,"Sako, Palembang Kota, Sumatra Selatan",Rp 115.000.000,
Toyota,G,Etios,2017,40.000-45.000 km,Bensin,Hitam,Manual,All Wheel Drive (AWD),Compact & City Car,>1.500 - 2.000 cc,"['Sensor Parkir', 'Kamera Belakang', 'Jok kulit', 'GPS', 'Electric Window', 'Bluetooth Audio', 'Airbag']",Individu,"Medan Petisah, Medan Kota, Sumatra Utara",Rp 135.000.000,
Honda,1.6,Accord,<1986,40.000-45.000 km,Bensin,Hitam,Manual,Front Wheel Drive (FWD),Sedan,>1.500 - 2.000 cc,"['Bluetooth Audio', 'Jok kulit']",Individu,"Bojonggede, Bogor Kab., Jawa Barat",Rp 17.000.000,
Honda,VTi-S,Civic,2003,40.000-45.000 km,Bensin,Hitam,Manual,All Wheel Drive (AWD),Classic Car,>1.000 - 1.500 cc,Bluetooth Audio,Individu,"Tingkir, Salatiga Kota, Jawa Tengah",Rp 72.000.000,Bursa Gading Auto Center
Datsun,Panca T Active,Go,2018,40.000-45.000 km,Bensin,Hitam,Manual,4X2,Compact & City Car,>1.000 - 1.500 cc,"['Airbag', 'Electric Window', 'Sensor Parkir']",Individu,"Sintuk/Sintuak Toboh Gadang, Padang Pariaman Kab., Sumatra Barat",Rp 85.000.000,
Suzuki,GL,Ertiga,2017,40.000-45.000 km,Bensin,Hitam,Manual,4X2,MPV,>1.000 - 1.500 cc,"['Airbag', 'Bluetooth Audio', 'Electric Window', 'Jok kulit', 'Sensor Parkir']",Individu,"Denpasar Timur, Denpasar Kota, Bali",Rp 151.000.000,
Suzuki,Lain-lain,Carry,1990,40.000-45.000 km,Bensin,Hitam,Manual,Rear Wheel Drive (RWD),Pick-up,<1.000 cc,Bluetooth Audio,Individu,"Denpasar Utara, Denpasar Kota, Bali",Rp 33.000.000,
Daihatsu,1.2 R,Sigra,2017,40.000-45.000 km,Bensin,Hitam,Manual,4X2,Minibus,>1.000 - 1.500 cc,"['Airbag', 'Bluetooth Audio', 'Electric Window', 'GPS', 'Kamera Belakang', 'Kamera Depan']",Individu,"Senen, Jakarta Pusat, Jakarta D.K.I.",Rp 100.000.000,
Nissan,1.5L,March,2014,40.000-45.000 km,Bensin,Hitam,Manual,,Hatchback,>1.000 - 1.500 cc,"['Sensor Parkir', 'Airbag', 'Electric Window']",Individu,"Tanjung Priok, Jakarta Utara, Jakarta D.K.I.",Rp 98.000.000,
Toyota,E,Innova,2005,40.000-45.000 km,Bensin,Hitam,Manual,All Wheel Drive (AWD),Minibus,>1.500 - 2.000 cc,"['Electric Window', 'Jok kulit']",Individu,"Banjarmasin Selatan, Banjarmasin Kota, Kalimantan Selatan",Rp 105.450.000,
Suzuki,GX,Swift,2013,40.000-45.000 km,Bensin,Hitam,Manual,Front Wheel Drive (FWD),Compact & City Car,>1.000 - 1.500 cc,"['Airbag', 'Bluetooth Audio', 'Electric Window', 'GPS', 'Kamera Belakang', 'Sensor Parkir']",Individu,"Tarogong Kaler, Garut Kab., Jawa Barat",Rp 131.000.000,
Toyota,TRD Sportivo,Agya,2015,40.000-45.000 km,Bensin,Hitam,Manual,Rear Wheel Drive (RWD),Sedan,<1.000 cc,"['Airbag', 'Bluetooth Audio', 'Electric Window', 'Kamera Belakang', 'Sensor Parkir']",Individu,"Metro Timur, Metro Kota, Lampung",Rp 93.500.000,
Mercedes-Benz,C180,C-Class,1995,40.000-45.000 km,Bensin,Hitam,Manual,4X2,Sedan,>1.500 - 2.000 cc,"['Airbag', 'Bluetooth Audio', 'Electric Window', 'GPS']",Individu,"Bandung Kidul, Bandung Kota, Jawa Barat",Rp 53.500.000,
Toyota,TRD Sportivo,Agya,2014,40.000-45.000 km,Bensin,Hitam,Manual,,,,,Individu,"Grogol Petamburan, Jakarta Barat, Jakarta D.K.I.",Rp 90.000.000,
Daihatsu,Xi Sporty,Xenia,2011,40.000-45.000 km,Bensin,Hitam,Manual,4X4,Minibus,>1.000 - 1.500 cc,Electric Window,Individu,"Karawang Timur, Karawang Kab., Jawa Barat",Rp 97.500.000,
Suzuki,GL,Ertiga,2017,40.000-45.000 km,Bensin,Hitam,Manual,Front Wheel Drive (FWD),Minibus,>1.000 - 1.500 cc,"['Sensor Parkir', 'Electric Window', 'Airbag', 'Jok kulit']",Individu,"Duren Sawit, Jakarta Timur, Jakarta D.K.I.",Rp 165.000.000,
Daihatsu,X,Ayla,2014,40.000-45.000 km,Bensin,Hitam,Manual,Front Wheel Drive (FWD),Compact & City Car,<1.000 cc,"['Electric Window', 'Sensor Parkir']",Individu,"Pondok Melati, Bekasi Kota, Jawa Barat",Rp 79.000.000,
Suzuki,GL,Ertiga,2016,40.000-45.000 km,Bensin,Hitam,Manual,Front Wheel Drive (FWD),MPV,>1.000 - 1.500 cc,"['Airbag', 'Bluetooth Audio', 'Electric Window', 'Sensor Parkir']",Individu,"Medan Tembung, Medan Kota, Sumatra Utara",Rp 130.000.000,
Toyota,Royal Saloon,Crown,<1986,40.000-45.000 km,Bensin,Hitam,Manual,Rear Wheel Drive (RWD),Sedan,>2.000 - 3.000 cc,,Individu,"Karangploso, Malang Kab., Jawa Timur",Rp 52.000.000,
Toyota,TRD Sportivo,Agya,2015,40.000-45.000 km,Bensin,Hitam,Manual,Rear Wheel Drive (RWD),MPV,>1.000 - 1.500 cc,"['Airbag', 'Bluetooth Audio', 'Electric Window', 'Jok kulit', 'Kamera Belakang', 'Sensor Parkir']",Individu,"Banjar Baru Selatan, Banjarbaru Kota, Kalimantan Selatan",Rp 110.000.000,
Honda,E,Brio,2016,40.000-45.000 km,Bensin,Hitam,Manual,Front Wheel Drive (FWD),Sedan,>1.000 - 1.500 cc,Airbag,Individu,"Singaran Pati, Bengkulu Kota, Bengkulu",Rp 120.000.000,
Daihatsu,Lain-lain,Gran max Pick-up,2015,40.000-45.000 km,Bensin,Hitam,Manual,4X2,Pick-up,>1.000 - 1.500 cc,"['Bluetooth Audio', 'Kamera Belakang']",Individu,"Banjarmasin Selatan, Banjarmasin Kota, Kalimantan Selatan",Rp 120.000.000,
Toyota,G,Vios,2015,40.000-45.000 km,Bensin,Hitam,Manual,4X2,Sedan,>1.500 - 2.000 cc,Electric Window,Individu,"Pahandut, Palangkaraya Kota, Kalimantan Tengah",Rp 150.000.000,
Toyota,1.5,Limo,2005,40.000-45.000 km,Bensin,Hitam,Manual,Front Wheel Drive (FWD),Sedan,>1.500 - 2.000 cc,,Individu,"Krembung, Sidoarjo  Kab., Jawa Timur",Rp 50.000.000,
Nissan,1.5L,March,2014,40.000-45.000 km,Bensin,Hitam,Manual,,Hatchback,>1.000 - 1.500 cc,"['Sensor Parkir', 'Airbag', 'Electric Window']",Individu,"Setu, Tangerang Selatan Kota, Banten",Rp 135.000.000,
Toyota,Veloz,Avanza,2012,40.000-45.000 km,Bensin,Hitam,Manual,Front Wheel Drive (FWD),MPV,>1.000 - 1.500 cc,"['Electric Window', 'Kamera Belakang', 'Sensor Parkir']",Individu,"Medan Kota, Medan Kota, Sumatra Utara",Rp 130.000.000,
Toyota,Lain-lain,Corolla,1989,40.000-45.000 km,Bensin,Hitam,Manual,4X2,Sedan,>1.500 - 2.000 cc,Electric Window,Individu,"Sumedang Utara, Sumedang Kab., Jawa Barat",Rp 29.500.000,
Toyota,G,Innova,2015,40.000-45.000 km,Bensin,Hitam,Manual,,Minibus,>1.500 - 2.000 cc,,Individu,"Pancoran, Jakarta Selatan, Jakarta D.K.I.",Rp 187.000.000,
Honda,E,Mobilio,2014,40.000-45.000 km,Bensin,Hitam,Manual,4X2,Sedan,>1.500 - 2.000 cc,,Individu,"Sukarame, Bandar Lampung Kota, Lampung",Rp 135.000.000,
Honda,RS,Jazz,2008,40.000-45.000 km,Bensin,Hitam,Manual,Front Wheel Drive (FWD),Hatchback,>1.500 - 2.000 cc,"['Airbag', 'Bluetooth Audio', 'Electric Window']",Individu,"Jati, Kudus Kab., Jawa Tengah",Rp 133.000.000,
Toyota,TRD Sportivo Ultimo,Rush,2017,40.000-45.000 km,Bensin,Hitam,Manual,Rear Wheel Drive (RWD),SUV,>1.500 - 2.000 cc,"['Airbag', 'Electric Window']",Individu,"Blimbing, Malang Kota, Jawa Timur",Rp 198.000.000,
Daihatsu,X 1.3 STD,Xenia,2012,40.000-45.000 km,Bensin,Hitam,Manual,4X2,MPV,>1.000 - 1.500 cc,"['Sensor Parkir', 'Electric Window']",Individu,"Jatiasih, Bekasi Kota, Jawa Barat",Rp 95.000.000,Bursa Mobil POSH Bekasi
Toyota,TRD Sportivo,Yaris,2014,40.000-45.000 km,Bensin,Hitam,Manual,,,,,Individu,"Jaten, Karanganyar Kab., Jawa Tengah",Rp 193.000.000,
Daihatsu,M,Xenia,2015,40.000-45.000 km,Bensin,Hitam,Manual,4X2,MPV,<1.000 cc,"['Airbag', 'Electric Window']",Individu,"Balikpapan Timur, Balikpapan Kota, Kalimantan Timur",Rp 126.000.000,
Datsun,Panca T,Go+,2014,40.000-45.000 km,Bensin,Hitam,Manual,4X2,Minibus,>1.000 - 1.500 cc,,Individu,"Kramat Jati, Jakarta Timur, Jakarta D.K.I.",Rp 62.500.000,
Suzuki,Lain-lain,Wagon R,2017,40.000-45.000 km,Bensin,Hitam,Manual,Front Wheel Drive (FWD),Wagon,<1.000 cc,"['Airbag', 'Jok kulit']",Individu,"Semarang Selatan, Semarang Kota, Jawa Tengah",Rp 82.000.000,
Toyota,LSX,Kijang,2002,40.000-45.000 km,Bensin,Hitam,Manual,4X2,Bus,>1.000 - 1.500 cc,"['Bluetooth Audio', 'Electric Window']",Individu,"Cibeunying Kaler, Bandung Kota, Jawa Barat",Rp 63.000.000,Bursa Otomotif Sunter
Daihatsu,TX,Terios,2013,40.000-45.000 km,Bensin,Hitam,Manual,4X2,SUV,>1.000 - 1.500 cc,"['Airbag', 'Bluetooth Audio', 'Electric Window', 'Kamera Belakang', 'Sensor Parkir']",Individu,"Lakarsantri, Surabaya Kota, Jawa Timur",Rp 142.000.000,
Volkswagen,Lain-lain,Kodok,<1986,40.000-45.000 km,Bensin,Hitam,Manual,4X2,Classic Car,>1.000 - 1.500 cc,,Individu,"Medan Kota, Medan Kota, Sumatra Utara",Rp 43.000.000,
Honda,1.5L S,HR-V,2016,40.000-45.000 km,Bensin,Hitam,Manual,Front Wheel Drive (FWD),SUV,>1.000 - 1.500 cc,"['Airbag', 'Jok kulit', 'Sensor Parkir', 'Electric Window']",Individu,"Kuranji, Padang Kota, Sumatra Barat",Rp 220.000.000,
Timor,Lain-lain,DOHC,1997,40.000-45.000 km,Bensin,Hitam,Manual,,Sedan,,,Individu,"Rajabasa, Bandar Lampung Kota, Lampung",Rp 28.000.000,
Toyota,G Luxury,Avanza,2014,40.000-45.000 km,Bensin,Hitam,Manual,4X2,MPV,>1.000 - 1.500 cc,"['Airbag', 'Bluetooth Audio', 'Electric Window', 'Jok kulit', 'Kamera Belakang', 'Moonroof', 'Sensor Parkir']",Individu,"Bantul, Bantul Kab., Yogyakarta D.I.",Rp 137.500.000,
Honda,2.0 i-VTEC,CR-V,2011,40.000-45.000 km,Bensin,Hitam,Manual,4X2,SUV,>1.500 - 2.000 cc,"['Kamera Belakang', 'Jok kulit', 'Sensor Parkir', 'GPS', 'Bluetooth Audio', 'Electric Window', 'Airbag']",Individu,"Mandau, Bengkalis Kab., Riau",Rp 180.000.000,
Honda,RS,Jazz,2017,40.000-45.000 km,Bensin,Hitam,Manual,Front Wheel Drive (FWD),Hatchback,>1.000 - 1.500 cc,"['Airbag', 'Bluetooth Audio', 'Electric Window', 'GPS', 'Jok kulit', 'Kamera Belakang', 'Kamera Depan', 'Moonroof', 'Sensor Parkir', 'Sunroof']",Individu,"Tanjung Karang Pusat, Bandar Lampung Kota, Lampung",Rp 198.000.000,
Suzuki,Lain-lain,Carry Pick-up,2017,40.000-45.000 km,Bensin,Hitam,Manual,4X2,Pick-up,>1.000 - 1.500 cc,,Individu,"Duren Sawit, Jakarta Timur, Jakarta D.K.I.",Rp 80.000.000,
Mercedes-Benz,E320,E-Class,1995,40.000-45.000 km,Bensin,Hitam,Manual,Rear Wheel Drive (RWD),Sedan,>3.000 cc,"['Airbag', 'Electric Window', 'Jok kulit']",Individu,"Candisari, Semarang Kota, Jawa Tengah",Rp 46.000.000,
Suzuki,Lain-lain,Carry Pick-up,2014,40.000-45.000 km,Bensin,Hitam,Manual,Rear Wheel Drive (RWD),Pick-up,>1.000 - 1.500 cc,,Individu,"Tangerang, Tangerang Kota, Banten",Rp 70.000.000,
Honda,2.0,CR-V,2016,40.000-45.000 km,Bensin,Hitam,Manual,Front Wheel Drive (FWD),SUV,>1.500 - 2.000 cc,"['Airbag', 'Bluetooth Audio', 'Electric Window', 'Jok kulit', 'Kamera Belakang', 'Sensor Parkir']",Individu,"Medan Kota, Medan Kota, Sumatra Utara",Rp 267.000.000,
Honda,RS,Jazz,2011,40.000-45.000 km,Bensin,Hitam,Manual,4X2,Sedan,>1.000 - 1.500 cc,,Individu,"Magelang Tengah, Magelang Kota, Jawa Tengah",Rp 155.000.000,
Nissan,Lain-lain,Livina,2013,40.000-45.000 km,Bensin,Hitam,Manual,Front Wheel Drive (FWD),Minibus,>1.000 - 1.500 cc,"['Airbag', 'Electric Window']",Individu,"Sewon, Bantul Kab., Yogyakarta D.I.",Rp 120.000.000,
Suzuki,Lain-lain,Carry,2010,40.000-45.000 km,Bensin,Hitam,Manual,Rear Wheel Drive (RWD),Pick-up,>1.000 - 1.500 cc,Jok kulit,Individu,"Ciomas, Bogor Kab., Jawa Barat",Rp 57.000.000,
Daihatsu,M,Ayla,2014,40.000-45.000 km,Bensin,Hitam,Manual,Front Wheel Drive (FWD),Hatchback,<1.000 cc,Electric Window,Individu,"Kandeman, Batang Kab., Jawa Tengah",Rp 78.500.000,
Wuling,S 1.5L,Confero S,2017,40.000-45.000 km,Bensin,Hitam,Manual,4X2,Minibus,>1.000 - 1.500 cc,"['Airbag', 'Bluetooth Audio', 'Electric Window', 'Kamera Belakang', 'Sensor Parkir']",Individu,"Sambikerep, Surabaya Kota, Jawa Timur",Rp 130.000.000,
Toyota,G,Avanza,2015,40.000-45.000 km,Bensin,Hitam,Manual,,Minibus,>1.000 - 1.500 cc,,Individu,"Medan Denai, Medan Kota, Sumatra Utara",Rp 147.000.000,
Suzuki,Estilo,Karimun,2011,40.000-45.000 km,Bensin,Hitam,Manual,All Wheel Drive (AWD),Classic Car,>1.000 - 1.500 cc,"['Electric Window', 'GPS', 'Jok kulit', 'Sensor Parkir']",Individu,"Parakan Salak, Sukabumi Kab., Jawa Barat",Rp 68.000.000,Bursa Gading Auto Center
Toyota,G,Innova,2012,40.000-45.000 km,Bensin,Hitam,Manual,,MPV,>1.500 - 2.000 cc,"['Electric Window', 'Jok kulit', 'Sensor Parkir']",Individu,"Cimahi Utara, Cimahi Kota, Jawa Barat",Rp 162.000.000,
Nissan,Lain-lain,Grand livina,2014,40.000-45.000 km,Bensin,Hitam,Manual,,MPV,>1.000 - 1.500 cc,"['Electric Window', 'Airbag', 'Sensor Parkir', 'Bluetooth Audio']",Individu,"Kejaksan, Cirebon Kota, Jawa Barat",Rp 128.000.000,
Nissan,Lain-lain,X-Trail,2010,40.000-45.000 km,Bensin,Hitam,Manual,Rear Wheel Drive (RWD),SUV,>1.500 - 2.000 cc,"['Bluetooth Audio', 'Electric Window', 'GPS', 'Jok kulit', 'Sensor Parkir']",Individu,"Cakung, Jakarta Timur, Jakarta D.K.I.",Rp 122.000.000,
Suzuki,GX,Karimun,2014,40.000-45.000 km,Bensin,Hitam,Manual,4X2,Minibus,<1.000 cc,,Individu,"Tonjong, Brebes Kab., Jawa Tengah",Rp 81.500.000,
Toyota,G,Vios,2005,40.000-45.000 km,Bensin,Hitam,Manual,,,,,Individu,"Sako, Palembang Kota, Sumatra Selatan",Rp 65.000.000,
Daihatsu,Pick Up Jumbo 1.3,Espass,2004,40.000-45.000 km,Bensin,Hitam,Manual,4X2,Pick-up,>1.000 - 1.500 cc,Jok kulit,Individu,"Karangrejo, Magetan Kab., Jawa Timur",Rp 36.500.000,
Honda,Lain-lain,Maestro,1993,40.000-45.000 km,Bensin,Hitam,Manual,,Sedan,>1.500 - 2.000 cc,,Individu,"Dayeuhkolot, Bandung Kab., Jawa Barat",Rp 40.000.000,
Suzuki,GL,Ertiga,2015,40.000-45.000 km,Bensin,Hitam,Manual,4X2,MPV,>1.000 - 1.500 cc,"['Electric Window', 'Jok kulit', 'Sensor Parkir', 'Bluetooth Audio', 'Airbag']",Individu,"Sumur Bandung, Bandung Kota, Jawa Barat",Rp 135.000.000,
Timor,1.6,DOHC,1997,40.000-45.000 km,Bensin,Hitam,Manual,4X2,Sedan,>1.000 - 1.500 cc,Electric Window,Individu,"Karangrejo, Magetan Kab., Jawa Timur",Rp 35.000.000,
Toyota,G,Avanza,2010,40.000-45.000 km,Bensin,Hitam,Manual,4X2,Minibus,>1.000 - 1.500 cc,Jok kulit,Individu,"Sako, Palembang Kota, Sumatra Selatan",Rp 102.500.000,
Toyota,Veloz,Avanza,2016,40.000-45.000 km,Bensin,Hitam,Manual,4X2,MPV,,"['Airbag', 'Bluetooth Audio', 'Jok kulit', 'Kamera Belakang', 'Electric Window', 'Sensor Parkir']",Individu,"Bangli, Kab. Bangli, Bali",Rp 175.000.000,Bursa Otomotif Sunter
Daihatsu,Lain-lain,Feroza,1996,40.000-45.000 km,Bensin,Hitam,Manual,4X2,Offroad,,,Individu,"Wajak, Malang Kab., Jawa Timur",Rp 60.000.000,
Daihatsu,Lain-lain,Gran max Pick-up,2014,40.000-45.000 km,Bensin,Hitam,Manual,,,>1.000 - 1.500 cc,Bluetooth Audio,Individu,"Ponorogo, Ponorogo Kab., Jawa Timur",Rp 88.000.000,
Honda,1.8L,Civic,2013,40.000-45.000 km,Bensin,Hitam,Manual,Front Wheel Drive (FWD),Sedan,>1.500 - 2.000 cc,"['Sensor Parkir', 'Airbag', 'Jok kulit']",Individu,"Nanggalo, Padang Kota, Sumatra Barat",Rp 215.000.000,
Honda,Satya E,Brio,2015,40.000-45.000 km,Bensin,Hitam,Manual,Front Wheel Drive (FWD),Hatchback,>1.000 - 1.500 cc,"['Airbag', 'GPS', 'Sensor Parkir']",Individu,"Krueng Barona Jaya, Aceh Besar Kab., Aceh D.I.",Rp 111.000.000,
Honda,Satya E,Brio,2016,40.000-45.000 km,Bensin,Hitam,Manual,Front Wheel Drive (FWD),Hatchback,>1.000 - 1.500 cc,"['Airbag', 'Bluetooth Audio', 'Electric Window', 'GPS', 'Jok kulit', 'Sensor Parkir']",Individu,"Kota Baru, Jambi Kota, Jambi",Rp 120.000.000,
Daihatsu,1.2 R,Sigra,2016,40.000-45.000 km,Bensin,Hitam,Manual,Front Wheel Drive (FWD),Minibus,>1.000 - 1.500 cc,"['Airbag', 'Bluetooth Audio', 'Electric Window']",Individu,"Bogor Selatan - Kota, Bogor Kota, Jawa Barat",Rp 103.000.000,
Toyota,G,Avanza,2018,40.000-45.000 km,Bensin,Hitam,Manual,Rear Wheel Drive (RWD),Minibus,>1.000 - 1.500 cc,,Individu,"Waru, Sidoarjo  Kab., Jawa Timur",Rp 185.000.000,
Suzuki,Lain-lain,Amenity,1991,40.000-45.000 km,Bensin,Hitam,Manual,,Sedan,>1.000 - 1.500 cc,"['Jok kulit', 'Electric Window']",Individu,"Panarukan, Situbondo Kab., Jawa Timur",Rp 26.000.000,
Toyota,Lain-lain,Vios,2016,40.000-45.000 km,Bensin,Hitam,Manual,4X2,Sedan,>1.500 - 2.000 cc,"['Airbag', 'Electric Window', 'Bluetooth Audio', 'Jok kulit', 'Sensor Parkir']",Individu,"Kuta Selatan, Kab. Badung, Bali",Rp 119.000.000,
Daihatsu,Lain-lain,Sirion,2013,40.000-45.000 km,Bensin,Hitam,Manual,Front Wheel Drive (FWD),Compact & City Car,>1.000 - 1.500 cc,"['Electric Window', 'Sensor Parkir']",Individu,"Purwokerto Timur, Banyumas Kab., Jawa Tengah",Rp 107.000.000,
Daihatsu,TX,Terios,2009,40.000-45.000 km,Bensin,Hitam,Manual,Front Wheel Drive (FWD),SUV,>1.000 - 1.500 cc,"['Bluetooth Audio', 'Electric Window', 'GPS', 'Jok kulit', 'Kamera Belakang', 'Sensor Parkir']",Individu,"Laweyan, Surakarta Kota, Jawa Tengah",Rp 120.000.000,
Suzuki,GL,Ertiga,2017,40.000-45.000 km,Bensin,Hitam,Manual,All Wheel Drive (AWD),Minibus,>1.000 - 1.500 cc,"['Airbag', 'Electric Window', 'Sensor Parkir']",Individu,"Mataram, Mataram Kota, Nusa Tenggara Barat",Rp 155.000.000,Bursa Mobil MGK Kemayoran
Suzuki,GX,Wagon R,2014,40.000-45.000 km,Bensin,Hitam,Manual,Front Wheel Drive (FWD),Compact & City Car,>1.000 - 1.500 cc,"['Electric Window', 'Jok kulit', 'Sensor Parkir']",Individu,"Kepanjen Kidul, Blitar Kota, Jawa Timur",Rp 82.000.000,
Daihatsu,M,Xenia,2016,40.000-45.000 km,Bensin,Hitam,Manual,,,,,Individu,"Sambikerep, Surabaya Kota, Jawa Timur",Rp 120.000.000,
Toyota,G,Avanza,2014,40.000-45.000 km,Bensin,Hitam,Manual,4X2,MPV,>1.000 - 1.500 cc,,Individu,"Krian, Sidoarjo  Kab., Jawa Timur",Rp 139.000.000,
Daihatsu,TX,Terios,2013,40.000-45.000 km,Bensin,Hitam,Manual,4X2,Jeep,>1.000 - 1.500 cc,"['Airbag', 'Electric Window', 'Sensor Parkir']",Individu,"Rawalumbu, Bekasi Kota, Jawa Barat",Rp 125.000.000,
Suzuki,Lain-lain,Carry Pick-up,2018,40.000-45.000 km,Bensin,Hitam,Manual,Rear Wheel Drive (RWD),Pick-up,>1.000 - 1.500 cc,,Individu,"Pontianak Kota, Pontianak Kota, Kalimantan Barat",Rp 99.000.000,
Toyota,Veloz,Avanza,2015,40.000-45.000 km,Bensin,Hitam,Manual,4X2,Minibus,>1.000 - 1.500 cc,,Individu,"Bukit Kecil, Palembang Kota, Sumatra Selatan",Rp 135.000.000,
Suzuki,GX,Katana,1993,40.000-45.000 km,Bensin,Hitam,Manual,4X2,Jeep,,,Individu,"Sleman, Sleman Kab., Yogyakarta D.I.",Rp 45.000.000,
Toyota,G,Vios,2008,40.000-45.000 km,Bensin,Hitam,Manual,Front Wheel Drive (FWD),Sedan,>1.000 - 1.500 cc,"['Airbag', 'Bluetooth Audio', 'Electric Window', 'Sensor Parkir']",Individu,"Blimbing, Malang Kota, Jawa Timur",Rp 104.500.000,
Honda,E,Brio,2013,40.000-45.000 km,Bensin,Hitam,Manual,All Wheel Drive (AWD),Compact & City Car,>1.000 - 1.500 cc,"['Airbag', 'Electric Window']",Individu,"Grogol, Sukoharjo Kab., Jawa Tengah",Rp 109.000.000,Carsentro Solo
Toyota,G,Vios,2008,40.000-45.000 km,Bensin,Hitam,Manual,Front Wheel Drive (FWD),Compact & City Car,>1.000 - 1.500 cc,,Individu,"Blimbing, Malang Kota, Jawa Timur",Rp 102.500.000,
Toyota,G,Vios,2008,40.000-45.000 km,Bensin,Hitam,Manual,,Sedan,>1.000 - 1.500 cc,"['Airbag', 'Bluetooth Audio', 'Electric Window', 'Sensor Parkir']",Individu,"Blimbing, Malang Kota, Jawa Timur",Rp 102.500.000,
Suzuki,5 MT,Jimny,1991,40.000-45.000 km,Bensin,Hitam,Manual,4X2,Jeep,>1.000 - 1.500 cc,Jok kulit,Individu,"Kalideres, Jakarta Barat, Jakarta D.K.I.",Rp 48.000.000,
Suzuki,Lain-lain,Carry Pick-up,2004,40.000-45.000 km,Bensin,Hitam,Manual,Front Wheel Drive (FWD),Pick-up,>1.000 - 1.500 cc,,Individu,"Kutawaringin, Bandung Kab., Jawa Barat",Rp 52.450.000,
Suzuki,Lain-lain,Carry Pick-up,2015,40.000-45.000 km,Bensin,Hitam,Manual,Rear Wheel Drive (RWD),Pick-up,>1.500 - 2.000 cc,,Individu,"Medan Johor, Medan Kota, Sumatra Utara",Rp 87.000.000,
Toyota,G,Calya,2017,40.000-45.000 km,Bensin,Hitam,Manual,4X2,MPV,>1.000 - 1.500 cc,"['Jok kulit', 'Bluetooth Audio', 'Sensor Parkir', 'Airbag', 'Electric Window']",Individu,"Sukodono, Sidoarjo  Kab., Jawa Timur",Rp 130.000.000,
Daihatsu,X 1.3 STD,Xenia,2016,40.000-45.000 km,Bensin,Hitam,Manual,4X2,Minibus,>1.000 - 1.500 cc,"['Airbag', 'Bluetooth Audio', 'Electric Window', 'Kamera Belakang', 'Sensor Parkir']",Individu,"Ilir Barat I, Palembang Kota, Sumatra Selatan",Rp 128.500.000,
Honda,E,Mobilio,2016,40.000-45.000 km,Bensin,Hitam,Manual,,,,,Individu,"Purwodadi, Grobogan Kab., Jawa Tengah",Rp 145.000.000,
Nissan,Lain-lain,Grand livina,2011,40.000-45.000 km,Bensin,Hitam,Manual,Front Wheel Drive (FWD),Minibus,>1.000 - 1.500 cc,"['Bluetooth Audio', 'Electric Window', 'Jok kulit', 'Sensor Parkir']",Individu,"Pasaman, Pasaman Barat Kab., Sumatra Barat",Rp 150.000.000,
Toyota,S,Rush,2008,40.000-45.000 km,Bensin,Hitam,Manual,4X2,MPV,>1.000 - 1.500 cc,"['Airbag', 'Sensor Parkir']",Individu,"Pesanggrahan, Jakarta Selatan, Jakarta D.K.I.",Rp 120.000.000,
Toyota,1.0,Starlet,1991,40.000-45.000 km,Bensin,Hitam,Manual,Front Wheel Drive (FWD),Sedan,<1.000 cc,Jok kulit,Individu,"Bojongsoang, Bandung Kab., Jawa Barat",Rp 32.000.000,
Honda,Lain-lain,Civic,1991,40.000-45.000 km,Bensin,Hitam,Manual,4X2,Sedan,>1.000 - 1.500 cc,,Individu,"Medan Sunggal, Medan Kota, Sumatra Utara",Rp 45.000.000,
Nissan,1.2L,March,2011,40.000-45.000 km,Bensin,Hitam,Manual,Front Wheel Drive (FWD),Compact & City Car,>1.000 - 1.500 cc,,Individu,"Palmerah, Jakarta Barat, Jakarta D.K.I.",Rp 80.000.000,
Daihatsu,R 1.3 Sporty,Xenia,2014,40.000-45.000 km,Bensin,Hitam,Manual,4X2,MPV,>1.000 - 1.500 cc,"['Sensor Parkir', 'Kamera Belakang', 'Airbag', 'Electric Window', 'Bluetooth Audio']",Individu,"Pabuaran, Cirebon Kab., Jawa Barat",Rp 130.000.000,
Nissan,Lain-lain,X-Trail,2010,40.000-45.000 km,Bensin,Hitam,Manual,Rear Wheel Drive (RWD),SUV,>1.500 - 2.000 cc,"['Airbag', 'Bluetooth Audio', 'Electric Window', 'GPS']",Individu,"Cakung, Jakarta Timur, Jakarta D.K.I.",Rp 120.000.000,
Toyota,G,Yaris,2016,40.000-45.000 km,Bensin,Hitam,Manual,4X2,SUV,>1.000 - 1.500 cc,"['Airbag', 'Bluetooth Audio', 'Electric Window', 'Kamera Belakang', 'Sensor Parkir']",Individu,"Kembangan, Jakarta Barat, Jakarta D.K.I.",Rp 150.000.000,
Mitsubishi,Grandia,Kuda,2004,40.000-45.000 km,Bensin,Hitam,Manual,4X2,Minibus,>1.500 - 2.000 cc,,Individu,"Babelan, Bekasi Kab., Jawa Barat",Rp 67.850.000,
Mitsubishi,Pick Up,T120SS,2014,40.000-45.000 km,Bensin,Hitam,Manual,,Pick-up,>1.000 - 1.500 cc,,Individu,"Syiah Kuala, Banda Aceh Kota, Aceh D.I.",Rp 66.500.000,
Daihatsu,Lain-lain,Charade,1994,40.000-45.000 km,Bensin,Hitam,Manual,4X2,Sedan,>1.000 - 1.500 cc,Jok kulit,Individu,"Purworejo, Purworejo Kab., Jawa Tengah",Rp 19.750.000,
Toyota,S,Avanza,2010,40.000-45.000 km,Bensin,Hitam,Manual,,Minibus,>1.500 - 2.000 cc,,Individu,"Ciracas, Jakarta Timur, Jakarta D.K.I.",Rp 110.000.000,
Daihatsu,X,Ayla,2017,40.000-45.000 km,Bensin,Hitam,Manual,Front Wheel Drive (FWD),Sedan,<1.000 cc,Sensor Parkir,Individu,"Panakkukang, Makassar Kota, Sulawesi Selatan",Rp 105.000.000,Carsentro Makassar
Toyota,Gli,Soluna,2003,40.000-45.000 km,Bensin,Hitam,Manual,4X4,Sedan,>1.000 - 1.500 cc,,Individu,"Cempaka Putih, Jakarta Pusat, Jakarta D.K.I.",Rp 55.000.000,
Toyota,Lain-lain,Corolla,1994,40.000-45.000 km,Bensin,Hitam,Manual,,Sedan,>1.500 - 2.000 cc,,Individu,"Bambang Lipuro, Bantul Kab., Yogyakarta D.I.",Rp 55.000.000,
Toyota,S,Avanza,2010,40.000-45.000 km,Bensin,Hitam,Manual,All Wheel Drive (AWD),Compact & City Car,>1.000 - 1.500 cc,,Individu,"Kotabaru, Karawang Kab., Jawa Barat",Rp 110.000.000,
Suzuki,GL,Splash,2012,40.000-45.000 km,Bensin,Hitam,Manual,4X2,Wagon,>1.000 - 1.500 cc,"['Bluetooth Audio', 'Electric Window', 'Sensor Parkir']",Individu,"Mengwi, Kab. Badung, Bali",Rp 92.000.000,
Daihatsu,Lain-lain,Gran max Pick-up,2017,40.000-45.000 km,Bensin,Hitam,Manual,4X2,Pick-up,>1.000 - 1.500 cc,"['Jok kulit', 'Bluetooth Audio']",Individu,"Sako, Palembang Kota, Sumatra Selatan",Rp 91.000.000,
Toyota,TRD Sportivo,Yaris,2013,40.000-45.000 km,Bensin,Hitam,Manual,,Sedan,>1.000 - 1.500 cc,,Individu,"Lumajang, Lumajang Kab., Jawa Timur",Rp 135.000.000,
Suzuki,Estilo,Karimun,2010,40.000-45.000 km,Bensin,Hitam,Manual,4X2,,,,Individu,"Bekasi Timur, Bekasi Kota, Jawa Barat",Rp 65.000.000,
Toyota,Veloz,Avanza,2015,40.000-45.000 km,Bensin,Hitam,Manual,4X4,Minibus,>1.000 - 1.500 cc,Bluetooth Audio,Individu,"Cileunyi, Bandung Kab., Jawa Barat",Rp 145.000.000,
Toyota,G Basic,Avanza,2016,40.000-45.000 km,Bensin,Hitam,Manual,Front Wheel Drive (FWD),MPV,>1.000 - 1.500 cc,"['Airbag', 'Bluetooth Audio', 'Electric Window', 'Moonroof', 'Sensor Parkir', 'Sunroof']",Individu,"Seunagan, Nagan Raya Kab., Aceh D.I.",Rp 150.000.000,
Daihatsu,R 1.3 STD,Xenia,2017,40.000-45.000 km,Bensin,Hitam,Manual,Rear Wheel Drive (RWD),Minibus,>1.000 - 1.500 cc,"['Airbag', 'Electric Window', 'Sensor Parkir']",Individu,"Medan Petisah, Medan Kota, Sumatra Utara",Rp 135.000.000,
Honda,RS,Brio,2017,40.000-45.000 km,Bensin,Hitam,Manual,,Compact & City Car,>1.000 - 1.500 cc,"['Airbag', 'Electric Window', 'Kamera Belakang', 'Sensor Parkir']",Individu,"Mangkubumi, Tasikmalaya Kota, Jawa Barat",Rp 137.000.000,
Suzuki,Lain-lain,Baleno next-G,2005,40.000-45.000 km,Bensin,Hitam,Manual,,Sedan,>1.000 - 1.500 cc,,Individu,"Kebakkramat, Karanganyar Kab., Jawa Tengah",Rp 65.000.000,
Toyota,G,Avanza,2018,40.000-45.000 km,Bensin,Hitam,Manual,Rear Wheel Drive (RWD),MPV,>1.000 - 1.500 cc,Airbag,Individu,"Sidoarjo, Sidoarjo  Kab., Jawa Timur",Rp 185.000.000,
Honda,Lain-lain,Accord,1989,40.000-45.000 km,Bensin,Hitam,Manual,,Sedan,>2.000 - 3.000 cc,,Individu,"Bayang, Pesisir Selatan Kab., Sumatra Barat",Rp 25.000.000,Bursa Otomotif Sunter
Toyota,1.5,Limo,2016,40.000-45.000 km,Bensin,Hitam,Manual,,,,,Individu,"Kelapa Gading, Jakarta Utara, Jakarta D.K.I.",Rp 135.000.000,
Toyota,J,Innova,2013,40.000-45.000 km,Bensin,Hitam,Manual,,MPV,,,Individu,"Jatinangor, Sumedang Kab., Jawa Barat",Rp 160.000.000,
Honda,1.6,Accord,1986,40.000-45.000 km,Bensin,Hitam,Manual,Front Wheel Drive (FWD),Sedan,>1.500 - 2.000 cc,"['Jok kulit', 'Electric Window', 'Bluetooth Audio']",Individu,"Baleendah, Bandung Kab., Jawa Barat",Rp 17.900.000,
Toyota,G,Avanza,2011,40.000-45.000 km,Bensin,Hitam,Manual,Rear Wheel Drive (RWD),MPV,>1.500 - 2.000 cc,Jok kulit,Individu,"Antapani (Cicadas), Bandung Kota, Jawa Barat",Rp 113.000.000,
Daihatsu,X 1.3 STD,Xenia,2018,40.000-45.000 km,Bensin,Hitam,Manual,,MPV,>1.000 - 1.500 cc,,Individu,"Ampenan, Mataram Kota, Nusa Tenggara Barat",Rp 150.000.000,
Daihatsu,Pick Up Jumbo 1.3,Espass,2006,40.000-45.000 km,Bensin,Hitam,Manual,4X2,Pick-up,>1.000 - 1.500 cc,Jok kulit,Individu,"Kedamaian, Bandar Lampung Kota, Lampung",Rp 23.000.000,
Suzuki,GX,Ertiga,2015,40.000-45.000 km,Bensin,Hitam,Manual,4X2,MPV,>1.000 - 1.500 cc,,Individu,"Mojolaban, Sukoharjo Kab., Jawa Tengah",Rp 137.000.000,
Daihatsu,1.3,Xenia,2018,40.000-45.000 km,Bensin,Hitam,Manual,,Minibus,,,Individu,"Kertak Hanyar, Banjar Kab., Kalimantan Selatan",Rp 145.000.000,Bursa Otomotif Sunter
Daihatsu,Lain-lain,Espass,2005,40.000-45.000 km,Bensin,Hitam,Manual,,,,,Individu,"Karang Tengah, Tangerang Kota, Banten",Rp 29.000.000,
Nissan,Lain-lain,Grand livina,2016,40.000-45.000 km,Bensin,Hitam,Manual,Front Wheel Drive (FWD),Sedan,>1.500 - 2.000 cc,"['Airbag', 'Electric Window', 'Jok kulit', 'Sensor Parkir']",Individu,"Laweyan, Surakarta Kota, Jawa Tengah",Rp 126.500.000,
Toyota,Lain-lain,Lain-lain,2002,40.000-45.000 km,Bensin,Hitam,Manual,,,>1.000 - 1.500 cc,,Individu,"Abung Semuli, Lampung Utara Kab., Lampung",Rp 80.000.000,
Mitsubishi,Pick Up,T120SS,2015,40.000-45.000 km,Bensin,Hitam,Manual,4X2,Pick-up,>1.000 - 1.500 cc,,Individu,"Arcamanik, Bandung Kota, Jawa Barat",Rp 68.000.000,
Daihatsu,D,Ayla,2015,40.000-45.000 km,Bensin,Hitam,Manual,,Compact & City Car,>1.000 - 1.500 cc,"['Bluetooth Audio', 'Electric Window', 'Jok kulit', 'Kamera Belakang']",Individu,"Kedamaian, Bandar Lampung Kota, Lampung",Rp 80.000.000,
Hyundai,Lain-lain,Lain-lain,1997,40.000-45.000 km,Bensin,Hitam,Manual,4X2,Minibus,>1.500 - 2.000 cc,"['Bluetooth Audio', 'Electric Window', 'Jok kulit']",Individu,"Sukarame, Bandar Lampung Kota, Lampung",Rp 24.000.000,
Honda,E,Mobilio,2015,40.000-45.000 km,Bensin,Hitam,Manual,4X2,Minibus,>1.000 - 1.500 cc,"['Electric Window', 'Bluetooth Audio', 'Sensor Parkir', 'Airbag']",Individu,"Medan Selayang, Medan Kota, Sumatra Utara",Rp 140.000.000,
Toyota,G,Avanza,2010,40.000-45.000 km,Bensin,Hitam,Manual,Rear Wheel Drive (RWD),Minibus,>1.000 - 1.500 cc,,Individu,"Jayapura Selatan, Jayapura Kota, Papua",Rp 115.000.000,
Honda,RS 1.2,Brio,2017,40.000-45.000 km,Bensin,Hitam,Manual,Front Wheel Drive (FWD),Compact & City Car,>1.000 - 1.500 cc,"['Airbag', 'Bluetooth Audio', 'Electric Window', 'Jok kulit', 'Kamera Belakang', 'Sensor Parkir']",Individu,"Serpong, Tangerang Selatan Kota, Banten",Rp 128.000.000,
Daihatsu,D,Sirion,2013,40.000-45.000 km,Bensin,Hitam,Manual,Front Wheel Drive (FWD),Sedan,>1.000 - 1.500 cc,"['Bluetooth Audio', 'Electric Window', 'Jok kulit', 'Sensor Parkir']",Individu,"Buleleng, Buleleng Kab., Bali",Rp 95.000.000,
Honda,VTEC,City,2000,40.000-45.000 km,Bensin,Hitam,Manual,All Wheel Drive (AWD),Sedan,>1.000 - 1.500 cc,Bluetooth Audio,Individu,"Medan Johor, Medan Kota, Sumatra Utara",Rp 63.000.000,Bursa Gading Auto Center
Toyota,G,Vios,2007,40.000-45.000 km,Bensin,Hitam,Manual,Front Wheel Drive (FWD),Sedan,>1.000 - 1.500 cc,"['Airbag', 'Electric Window', 'Sensor Parkir']",Individu,"Srono, Banyuwangi  Kab., Jawa Timur",Rp 78.000.000,
Toyota,G,Innova,2004,40.000-45.000 km,Bensin,Hitam,Manual,4X2,SUV,>1.500 - 2.000 cc,"['Bluetooth Audio', 'Electric Window', 'Kamera Belakang', 'Sensor Parkir']",Individu,"Denpasar Selatan, Denpasar Kota, Bali",Rp 107.000.000,Pasar Mobil Kemayoran
Toyota,E,Avanza,2018,40.000-45.000 km,Bensin,Hitam,Manual,Rear Wheel Drive (RWD),Minibus,>1.000 - 1.500 cc,"['Jok kulit', 'Electric Window', 'Airbag']",Individu,"Semarang Timur, Semarang Kota, Jawa Tengah",Rp 134.000.000,Carsentro Semarang
Proton,FLX,Saga,2012,40.000-45.000 km,Bensin,Hitam,Manual,Front Wheel Drive (FWD),Sedan,>1.500 - 2.000 cc,,Individu,"Gambir, Jakarta Pusat, Jakarta D.K.I.",Rp 35.000.000,
Daihatsu,TS Extra,Terios,2014,40.000-45.000 km,Bensin,Hitam,Manual,Rear Wheel Drive (RWD),Minibus,>1.000 - 1.500 cc,"['Airbag', 'Electric Window', 'Jok kulit', 'Sensor Parkir']",Individu,"Cikarang Barat, Bekasi Kab., Jawa Barat",Rp 133.000.000,
Toyota,Lain-lain,Lain-lain,2011,40.000-45.000 km,Bensin,Hitam,Manual,Front Wheel Drive (FWD),SUV,>1.500 - 2.000 cc,"['Airbag', 'Bluetooth Audio']",Individu,"Binjai Timur, Binjai Kota, Sumatra Utara",Rp 139.000.000,
Daihatsu,Adventure R,Terios,2015,40.000-45.000 km,Bensin,Hitam,Manual,,Minibus,>1.000 - 1.500 cc,"['Airbag', 'Kamera Belakang', 'Sensor Parkir']",Individu,"Kebayoran Lama, Jakarta Selatan, Jakarta D.K.I.",Rp 155.000.000,
Daihatsu,1.2 R,Sigra,2018,40.000-45.000 km,Bensin,Hitam,Manual,Front Wheel Drive (FWD),Minibus,>1.000 - 1.500 cc,"['Airbag', 'Bluetooth Audio', 'Electric Window', 'Jok kulit', 'Sensor Parkir']",Individu,"Depok, Sleman Kab., Yogyakarta D.I.",Rp 112.000.000,
Honda,Satya E,Brio,2016,40.000-45.000 km,Bensin,Hitam,Manual,Front Wheel Drive (FWD),Compact & City Car,>1.000 - 1.500 cc,"['Airbag', 'Electric Window', 'Sensor Parkir']",Individu,"Pati, Pati Kab., Jawa Tengah",Rp 117.000.000,
Daihatsu,X Elegant,Ayla,2014,40.000-45.000 km,Bensin,Hitam,Manual,All Wheel Drive (AWD),Coupe,>1.000 - 1.500 cc,"['Sensor Parkir', 'Kamera Belakang', 'Electric Window', 'Airbag']",Individu,"Tegal Timur, Tegal Kota, Jawa Tengah",Rp 81.500.000,
Suzuki,GX,Ertiga,2017,40.000-45.000 km,Bensin,Hitam,Manual,Front Wheel Drive (FWD),MPV,>1.000 - 1.500 cc,"['Airbag', 'Electric Window', 'GPS', 'Jok kulit', 'Sensor Parkir']",Individu,"Sidoarjo, Sidoarjo  Kab., Jawa Timur",Rp 165.000.000,
Toyota,G,Innova,2014,40.000-45.000 km,Bensin,Hitam,Manual,,,>1.500 - 2.000 cc,"['Airbag', 'Bluetooth Audio', 'Electric Window', 'GPS', 'Jok kulit', 'Kamera Belakang', 'Sensor Parkir']",Individu,"Cengkareng, Jakarta Barat, Jakarta D.K.I.",Rp 164.000.000,
Toyota,S,Avanza,2010,40.000-45.000 km,Bensin,Hitam,Manual,4X4,Minibus,>2.000 - 3.000 cc,Sensor Parkir,Individu,"Ulee Kareng, Banda Aceh Kota, Aceh D.I.",Rp 115.500.000,
Daihatsu,Lain-lain,Gran max Pick-up,2015,40.000-45.000 km,Bensin,Hitam,Manual,4X2,Pick-up,>1.000 - 1.500 cc,,Individu,"Prajurit Kulon, Mojokerto Kota, Jawa Timur",Rp 97.000.000,
Suzuki,Mega Carry,APV,2013,40.000-45.000 km,Bensin,Hitam,Manual,,Pick-up,>1.000 - 1.500 cc,,Individu,"Pondok Aren, Tangerang Selatan Kota, Banten",Rp 85.000.000,
Daihatsu,M,Sirion,2014,40.000-45.000 km,Bensin,Hitam,Manual,4X4,Compact & City Car,>1.000 - 1.500 cc,"['Sensor Parkir', 'Jok kulit']",Individu,"Purwokerto Timur, Banyumas Kab., Jawa Tengah",Rp 107.000.000,
Honda,S,Mobilio,2016,40.000-45.000 km,Bensin,Hitam,Manual,4X2,MPV,>1.000 - 1.500 cc,"['Airbag', 'Electric Window', 'Jok kulit']",Individu,"Soreang, Bandung Kab., Jawa Barat",Rp 140.000.000,
Toyota,G,Calya,2017,40.000-45.000 km,Bensin,Hitam,Manual,Front Wheel Drive (FWD),Minibus,>1.000 - 1.500 cc,Jok kulit,Individu,"Batang Kuis, Deli Serdang Kab., Sumatra Utara",Rp 70.000.000,
Honda,Lain-lain,Civic,1991,40.000-45.000 km,Bensin,Hitam,Manual,Front Wheel Drive (FWD),Sedan,>1.000 - 1.500 cc,"['Electric Window', 'Jok kulit']",Individu,"Semarang Barat, Semarang Kota, Jawa Tengah",Rp 30.000.000,
Nissan,Lain-lain,Grand livina,2010,40.000-45.000 km,Bensin,Hitam,Manual,Front Wheel Drive (FWD),MPV,>1.000 - 1.500 cc,,Individu,"Sukaraja, Tasikmalaya Kab., Jawa Barat",Rp 90.000.000,
Toyota,Spacio 1.5,Corolla,1991,40.000-45.000 km,Bensin,Hitam,Manual,Front Wheel Drive (FWD),Sedan,>1.500 - 2.000 cc,,Individu,"Kebayoran Lama, Jakarta Selatan, Jakarta D.K.I.",Rp 55.000.000,
Toyota,G,Avanza,2018,40.000-45.000 km,Bensin,Hitam,Manual,Rear Wheel Drive (RWD),MPV,>1.000 - 1.500 cc,,Individu,"Kedungkandang, Malang Kota, Jawa Timur",Rp 170.000.000,
Suzuki,GL,Ertiga,2012,40.000-45.000 km,Bensin,Hitam,Manual,4X2,Classic Car,>1.000 - 1.500 cc,,Individu,"Wedung, Demak Kab., Jawa Tengah",Rp 117.000.000,
Mitsubishi,Pick Up,L300,<1986,40.000-45.000 km,Bensin,Hitam,Manual,,,,,Individu,"Kertosono, Nganjuk Kab., Jawa Timur",Rp 25.000.000,
Daihatsu,X 1.3 STD,Xenia,2018,40.000-45.000 km,Bensin,Hitam,Manual,Rear Wheel Drive (RWD),Minibus,>1.000 - 1.500 cc,"['Airbag', 'Electric Window', 'Jok kulit', 'Sensor Parkir']",Individu,"Medan Denai, Medan Kota, Sumatra Utara",Rp 142.500.000,
Nissan,Lain-lain,Grand livina,2012,40.000-45.000 km,Bensin,Hitam,Manual,4X2,SUV,>1.000 - 1.500 cc,Sensor Parkir,Individu,"Bogor Tengah - Kota, Bogor Kota, Jawa Barat",Rp 110.000.000,
Honda,1.3,Civic,1986,40.000-45.000 km,Bensin,Hitam,Manual,4X2,Coupe,>1.000 - 1.500 cc,Jok kulit,Individu,"Wonoayu, Sidoarjo  Kab., Jawa Timur",Rp 30.000.000,
Daihatsu,X,Ayla,2016,40.000-45.000 km,Bensin,Hitam,Manual,Front Wheel Drive (FWD),Compact & City Car,>1.000 - 1.500 cc,"['Electric Window', 'Sensor Parkir', 'Airbag', 'Jok kulit', 'Bluetooth Audio']",Individu,"Sukomanunggal, Surabaya Kota, Jawa Timur",Rp 93.000.000,
Toyota,2.0,Corona,1992,40.000-45.000 km,Bensin,Hitam,Manual,,Sedan,,,Individu,"Kedamaian, Bandar Lampung Kota, Lampung",Rp 28.000.000,
Toyota,G Luxury,Innova,2017,40.000-45.000 km,Bensin,Hitam,Manual,4X2,Minibus,>1.500 - 2.000 cc,"['Jok kulit', 'Bluetooth Audio', 'Sensor Parkir', 'Airbag', 'Electric Window']",Individu,"Panyileukan, Bandung Kota, Jawa Barat",Rp 120.000.000,
Toyota,Veloz,Avanza,2018,40.000-45.000 km,Bensin,Hitam,Manual,4X2,Minibus,>1.000 - 1.500 cc,,Individu,"Marpoyan Damai, Pekanbaru Kota, Riau",Rp 181.000.000,
Toyota,V,Innova,2014,40.000-45.000 km,Bensin,Hitam,Manual,4X2,,>1.500 - 2.000 cc,,Individu,"Cengkareng, Jakarta Barat, Jakarta D.K.I.",Rp 180.000.000,
Toyota,Veloz,Avanza,2018,40.000-45.000 km,Bensin,Hitam,Manual,4X2,Minibus,>1.000 - 1.500 cc,,Individu,"Marpoyan Damai, Pekanbaru Kota, Riau",Rp 181.000.000,
Honda,RS Limited Edition,Mobilio,2014,40.000-45.000 km,Bensin,Hitam,Manual,Front Wheel Drive (FWD),Minibus,>1.000 - 1.500 cc,"['Airbag', 'Bluetooth Audio', 'Electric Window', 'Jok kulit', 'Kamera Belakang', 'Sensor Parkir']",Individu,"Pondok Gede, Bekasi Kota, Jawa Barat",Rp 147.000.000,
Chevrolet,LT,Spin,2015,40.000-45.000 km,Bensin,Hitam,Manual,4X2,MPV,>1.000 - 1.500 cc,"['Airbag', 'Electric Window', 'Sensor Parkir']",Individu,"Pasar Rebo, Jakarta Timur, Jakarta D.K.I.",Rp 92.000.000,
Toyota,TRD Sportivo,Agya,2016,40.000-45.000 km,Bensin,Hitam,Manual,Front Wheel Drive (FWD),Compact & City Car,<1.000 cc,,Individu,"Nanggalo, Padang Kota, Sumatra Barat",Rp 100.000.000,
Daihatsu,Lain-lain,Gran max Pick-up,2010,40.000-45.000 km,Bensin,Hitam,Manual,4X2,Pick-up,>1.500 - 2.000 cc,Jok kulit,Individu,"Kemuning, Palembang Kota, Sumatra Selatan",Rp 58.000.000,Bursa Mobil DTC
Nissan,Lain-lain,Grand livina,2014,40.000-45.000 km,Bensin,Hitam,Manual,4X2,Minibus,>1.000 - 1.500 cc,"['Airbag', 'Bluetooth Audio', 'Electric Window', 'GPS', 'Jok kulit', 'Kamera Belakang', 'Sensor Parkir']",Individu,"Blimbing, Malang Kota, Jawa Timur",Rp 135.000.000,
Toyota,G,Innova,2015,40.000-45.000 km,Bensin,Hitam,Manual,4X2,MPV,>1.500 - 2.000 cc,,Individu,"Pancoran, Jakarta Selatan, Jakarta D.K.I.",Rp 190.000.000,
Toyota,G Basic,Avanza,2005,40.000-45.000 km,Bensin,Hitam,Manual,,Minibus,>1.000 - 1.500 cc,Jok kulit,Individu,"Praya, Lombok Tengah Kab., Nusa Tenggara Barat",Rp 85.000.000,
Toyota,V,Sienta,2016,40.000-45.000 km,Bensin,Hitam,Manual,4X2,Minibus,>1.000 - 1.500 cc,"['Airbag', 'Bluetooth Audio', 'Electric Window', 'Kamera Belakang', 'Sensor Parkir']",,"Benda, Tangerang Kota, Banten",Rp 150.000.000,
Toyota,G,Avanza,2014,40.000-45.000 km,Bensin,Hitam,Manual,Front Wheel Drive (FWD),Minibus,>1.000 - 1.500 cc,"['Electric Window', 'Sensor Parkir', 'Airbag', 'Jok kulit']",Individu,"Krembangan, Surabaya Kota, Jawa Timur",Rp 135.000.000,
Suzuki,GL,APV,2009,40.000-45.000 km,Bensin,Hitam,Manual,4X2,,,,Individu,"Sukun, Malang Kota, Jawa Timur",Rp 95.000.000,
Toyota,G,Avanza,2011,40.000-45.000 km,Bensin,Hitam,Manual,4X2,Minibus,>1.000 - 1.500 cc,"['Electric Window', 'Jok kulit']",Individu,"Cempaka, Banjarbaru Kota, Kalimantan Selatan",Rp 112.000.000,
Chery,Lain-lain,Lain-lain,2002,40.000-45.000 km,Bensin,Hitam,Manual,,,,,Individu,"Mranggen, Demak Kab., Jawa Tengah",Rp 25.000.000,
Suzuki,GL,Splash,2012,40.000-45.000 km,Bensin,Hitam,Manual,All Wheel Drive (AWD),Compact & City Car,>1.000 - 1.500 cc,"['Bluetooth Audio', 'Electric Window', 'Jok kulit', 'Kamera Depan', 'Sensor Parkir']",Individu,"Mengwi, Kab. Badung, Bali",Rp 92.000.000,
Honda,i-DSI,Jazz,2006,40.000-45.000 km,Bensin,Hitam,Manual,All Wheel Drive (AWD),Compact & City Car,>1.000 - 1.500 cc,"['Sensor Parkir', 'Kamera Belakang', 'Jok kulit', 'Electric Window', 'Bluetooth Audio']",Individu,"Dawe, Kudus Kab., Jawa Tengah",Rp 90.000.000,
Toyota,Lain-lain,Corona,<1986,40.000-45.000 km,Bensin,Hitam,Manual,All Wheel Drive (AWD),Sedan,>1.000 - 1.500 cc,Jok kulit,Individu,"Tampan, Pekanbaru Kota, Riau",Rp 21.500.000,
Toyota,G,Calya,2018,40.000-45.000 km,Bensin,Hitam,Manual,Front Wheel Drive (FWD),MPV,>1.000 - 1.500 cc,"['Bluetooth Audio', 'Sensor Parkir', 'Airbag', 'Electric Window']",Individu,"Medan Selayang, Medan Kota, Sumatra Utara",Rp 140.000.000,
Suzuki,GX,Ertiga,2017,40.000-45.000 km,Bensin,Hitam,Manual,4X2,Minibus,>1.000 - 1.500 cc,Kamera Belakang,Individu,"Semarang Utara, Semarang Kota, Jawa Tengah",Rp 155.000.000,
Toyota,G,Avanza,2008,40.000-45.000 km,Bensin,Hitam,Manual,4X4,Bus,>1.000 - 1.500 cc,,Individu,"Blang Pidie, Aceh Barat Daya Kab., Aceh D.I.",Rp 105.000.000,
Toyota,Spacio 1.5,Corolla,1991,40.000-45.000 km,Bensin,Hitam,Manual,4X2,Sedan,>1.000 - 1.500 cc,"['Bluetooth Audio', 'Jok kulit']",Individu,"Ciampea, Bogor Kab., Jawa Barat",Rp 35.000.000,
Suzuki,GX,Ertiga,2013,40.000-45.000 km,Bensin,Hitam,Manual,Front Wheel Drive (FWD),MPV,>1.500 - 2.000 cc,,Individu,"Tanah Sereal, Bogor Kota, Jawa Barat",Rp 119.000.000,
Nissan,2.4 Spirit S1,Terrano,2004,40.000-45.000 km,Bensin,Hitam,Manual,4X2,Jeep,>1.500 - 2.000 cc,Electric Window,Individu,"Gedangan, Sidoarjo  Kab., Jawa Timur",Rp 75.000.000,
Suzuki,1.0,Katana,1986,40.000-45.000 km,Bensin,Hitam,Manual,4X2,Jeep,<1.000 cc,,Individu,"Bangkala Barat, Jenepronto Kab., Sulawesi Selatan",Rp 20.000.000,
Daihatsu,Xi Family,Xenia,2008,40.000-45.000 km,Bensin,Hitam,Manual,All Wheel Drive (AWD),Minibus,>1.000 - 1.500 cc,"['Bluetooth Audio', 'Electric Window']",Individu,"Ponorogo, Ponorogo Kab., Jawa Timur",Rp 86.000.000,
Toyota,Lain-lain,Kijang Pick-Up,2005,40.000-45.000 km,Bensin,Hitam,Manual,4X2,Pick-up,>1.500 - 2.000 cc,,Individu,"Ciracas, Jakarta Timur, Jakarta D.K.I.",Rp 39.000.000,
Daihatsu,Lain-lain,Gran max Pick-up,2017,40.000-45.000 km,Bensin,Hitam,Manual,Rear Wheel Drive (RWD),Pick-up,>1.500 - 2.000 cc,,Individu,"Balapulang, Tegal Kab., Jawa Tengah",Rp 97.000.000,
Mitsubishi,Lain-lain,T120SS,1995,40.000-45.000 km,Bensin,Hitam,Manual,4X2,Minibus,>1.000 - 1.500 cc,,Individu,"Tingkir, Salatiga Kota, Jawa Tengah",Rp 20.000.000,
Daihatsu,R,Xenia,2012,40.000-45.000 km,Bensin,Hitam,Manual,4X2,MPV,>1.000 - 1.500 cc,,Individu,"Krian, Sidoarjo  Kab., Jawa Timur",Rp 112.000.000,
Daihatsu,X Prestige,Luxio,2015,40.000-45.000 km,Bensin,Hitam,Manual,Rear Wheel Drive (RWD),Minibus,>1.000 - 1.500 cc,"['Bluetooth Audio', 'Electric Window', 'Sensor Parkir']",Individu,"Medan Kota, Medan Kota, Sumatra Utara",Rp 132.000.000,
Daihatsu,TX,Terios,2013,40.000-45.000 km,Bensin,Hitam,Manual,,,>1.000 - 1.500 cc,,Individu,"Wonokromo, Surabaya Kota, Jawa Timur",Rp 140.000.000,
Toyota,G,Avanza,2015,40.000-45.000 km,Bensin,Hitam,Manual,4X2,Minibus,>1.000 - 1.500 cc,"['Airbag', 'Bluetooth Audio']",Individu,"Telanaipura, Jambi Kota, Jambi",Rp 145.000.000,
Suzuki,GX,Swift,2012,40.000-45.000 km,Bensin,Hitam,Manual,4X2,Compact & City Car,>1.000 - 1.500 cc,"['Electric Window', 'Sensor Parkir']",Individu,"Gubeng, Surabaya Kota, Jawa Timur",Rp 130.000.000,
Toyota,TRD Sportivo,Yaris,2012,40.000-45.000 km,Bensin,Hitam,Manual,,Minibus,,,Individu,"Dolopo, Madiun Kab., Jawa Timur",Rp 144.000.000,
Daihatsu,X,Luxio,2015,40.000-45.000 km,Bensin,Hitam,Manual,,Minibus,>1.000 - 1.500 cc,,Individu,"Bandung Kulon, Bandung Kota, Jawa Barat",Rp 137.500.000,
Chevrolet,LTZ,Spin,2013,40.000-45.000 km,Bensin,Hitam,Manual,Front Wheel Drive (FWD),MPV,>1.000 - 1.500 cc,"['Bluetooth Audio', 'Electric Window', 'Airbag']",Individu,"Banguntapan, Bantul Kab., Yogyakarta D.I.",Rp 89.000.000,
Honda,S,Mobilio,2017,40.000-45.000 km,Bensin,Hitam,Manual,Front Wheel Drive (FWD),MPV,>1.500 - 2.000 cc,"['Electric Window', 'Sensor Parkir']",Individu,"Kebayoran Baru, Jakarta Selatan, Jakarta D.K.I.",Rp 139.000.000,
Suzuki,5 MT,Jimny,2005,40.000-45.000 km,Bensin,Hitam,Manual,4X4,Jeep,>1.000 - 1.500 cc,Jok kulit,Individu,"Sawangan, Depok Kota, Jawa Barat",Rp 165.000.000,
Suzuki,Lain-lain,Forsa,<1986,40.000-45.000 km,Bensin,Hitam,Manual,Front Wheel Drive (FWD),Sedan,<1.000 cc,Bluetooth Audio,Individu,"Sidoarjo, Sidoarjo  Kab., Jawa Timur",Rp 25.000.000,
Suzuki,1.0,Katana,2001,40.000-45.000 km,Bensin,Hitam,Manual,4X4,Jeep,<1.000 cc,,Individu,"Pagedangan, Tangerang Kab., Banten",Rp 100.000.000,
Honda,Satya S,Brio,2014,40.000-45.000 km,Bensin,Hitam,Manual,4X2,Hatchback,>1.000 - 1.500 cc,"['Electric Window', 'Airbag']",Individu,"Cilandak, Jakarta Selatan, Jakarta D.K.I.",Rp 103.000.000,
Toyota,TRD Sportivo,Agya,2013,40.000-45.000 km,Bensin,Hitam,Manual,Front Wheel Drive (FWD),Compact & City Car,>1.000 - 1.500 cc,"['Airbag', 'Electric Window', 'Jok kulit']",Individu,"Denpasar Barat, Denpasar Kota, Bali",Rp 95.000.000,
Suzuki,ST,Swift,2010,40.000-45.000 km,Bensin,Hitam,Manual,4X2,Compact & City Car,>1.000 - 1.500 cc,,Individu,"Cepogo, Boyolali Kab., Jawa Tengah",Rp 96.000.000,
Honda,1.7,Civic,2005,40.000-45.000 km,Bensin,Hitam,Manual,4X2,Minibus,>1.500 - 2.000 cc,Airbag,Individu,"Seberang Ulu II, Palembang Kota, Sumatra Selatan",Rp 35.000.000,
Toyota,Veloz,Avanza,2012,40.000-45.000 km,Bensin,Hitam,Manual,4X2,MPV,>1.000 - 1.500 cc,"['Airbag', 'Bluetooth Audio', 'Electric Window', 'GPS', 'Jok kulit', 'Kamera Belakang', 'Sensor Parkir', 'Sunroof']",Individu,"Denpasar Timur, Denpasar Kota, Bali",Rp 134.900.000,
Suzuki,GX,Ertiga,2015,40.000-45.000 km,Bensin,Hitam,Manual,Front Wheel Drive (FWD),MPV,>1.000 - 1.500 cc,"['Airbag', 'Bluetooth Audio', 'Electric Window', 'Jok kulit', 'Sensor Parkir']",Individu,"Mustika Jaya, Bekasi Kota, Jawa Barat",Rp 150.000.000,
Toyota,TRD Sportivo TRD M/T,Yaris,2014,40.000-45.000 km,Bensin,Hitam,Manual,Front Wheel Drive (FWD),Hatchback,>1.000 - 1.500 cc,"['Airbag', 'Bluetooth Audio', 'Electric Window', 'Sensor Parkir']",Individu,"Kelapa Gading, Jakarta Utara, Jakarta D.K.I.",Rp 157.000.000,
Daihatsu,R 1.3 DLX,Xenia,2014,40.000-45.000 km,Bensin,Hitam,Manual,Rear Wheel Drive (RWD),Bus,>1.000 - 1.500 cc,"['Airbag', 'Sensor Parkir', 'Bluetooth Audio']",Individu,"Semampir, Surabaya Kota, Jawa Timur",Rp 125.000.000,
Suzuki,GX,Wagon R,2015,40.000-45.000 km,Bensin,Hitam,Manual,Front Wheel Drive (FWD),Wagon,>1.000 - 1.500 cc,"['Electric Window', 'Jok kulit', 'Sensor Parkir']",Individu,"Sukomanunggal, Surabaya Kota, Jawa Timur",Rp 82.250.000,
Datsun,Panca T Opt,Go+,2016,40.000-45.000 km,Bensin,Hitam,Manual,4X2,Compact & City Car,>1.000 - 1.500 cc,"['Sensor Parkir', 'Airbag', 'Electric Window']",Individu,"Ponorogo, Ponorogo Kab., Jawa Timur",Rp 85.000.000,
Toyota,G,Avanza,2016,40.000-45.000 km,Bensin,Hitam,Manual,Rear Wheel Drive (RWD),MPV,>1.000 - 1.500 cc,"['Airbag', 'Electric Window', 'Sensor Parkir']",Individu,"Mulyorejo, Surabaya Kota, Jawa Timur",Rp 165.000.000,
Suzuki,Lain-lain,Carry Pick-up,2015,40.000-45.000 km,Bensin,Hitam,Manual,4X2,Pick-up,>1.000 - 1.500 cc,Jok kulit,Individu,"Sako, Palembang Kota, Sumatra Selatan",Rp 75.000.000,
Datsun,Panca T Active,Go,2015,40.000-45.000 km,Bensin,Hitam,Manual,Front Wheel Drive (FWD),Compact & City Car,>1.000 - 1.500 cc,"['Electric Window', 'Jok kulit']",Individu,"Duren Sawit, Jakarta Timur, Jakarta D.K.I.",Rp 63.000.000,
BMW,Lain-lain,Lain-lain,1997,40.000-45.000 km,Bensin,Hitam,Manual,4X2,Sedan,>1.500 - 2.000 cc,"['Airbag', 'Electric Window', 'Jok kulit']",Individu,"Cimahi Tengah, Cimahi Kota, Jawa Barat",Rp 55.000.000,
Chery,Lain-lain,Lain-lain,1996,40.000-45.000 km,Bensin,Hitam,Manual,Rear Wheel Drive (RWD),Minibus,<1.000 cc,Sunroof,Individu,"Keling, Jepara Kab., Jawa Tengah",Rp 26.500.000,
Toyota,V,Innova,2010,40.000-45.000 km,Bensin,Hitam,Manual,4X2,Minibus,>2.000 - 3.000 cc,,Individu,"Jombang, Jombang  Kab., Jawa Timur",Rp 158.000.000,
Suzuki,Lain-lain,Carry Pick-up,2014,40.000-45.000 km,Bensin,Hitam,Manual,Rear Wheel Drive (RWD),Pick-up,>1.000 - 1.500 cc,"['Bluetooth Audio', 'Jok kulit']",Individu,"Rungkut, Surabaya Kota, Jawa Timur",Rp 67.000.000,
Toyota,Lain-lain,Lain-lain,2006,40.000-45.000 km,Bensin,Hitam,Manual,4X2,Minibus,>1.500 - 2.000 cc,Sensor Parkir,Individu,"Alang-Alang Lebar, Palembang Kota, Sumatra Selatan",Rp 99.000.000,
Daihatsu,X,Xenia,2017,40.000-45.000 km,Bensin,Hitam,Manual,4X2,,>1.000 - 1.500 cc,,Individu,"Wonokromo, Surabaya Kota, Jawa Timur",Rp 145.000.000,
Daihatsu,X 1.3 STD,Xenia,2017,40.000-45.000 km,Bensin,Hitam,Manual,,,,,Individu,"Medan Area, Medan Kota, Sumatra Utara",Rp 150.000.000,
Toyota,E,Avanza,2016,40.000-45.000 km,Bensin,Hitam,Manual,4X2,SUV,>1.000 - 1.500 cc,"['Airbag', 'Electric Window', 'Jok kulit']",Individu,"Alak, Kupang Kota, Nusa Tenggara Timur",Rp 167.000.000,
Toyota,E STD,Calya,2016,40.000-45.000 km,Bensin,Hitam,Manual,,,,,Individu,"Tegal Barat, Tegal Kota, Jawa Tengah",Rp 97.000.000,
Toyota,G,Avanza,2014,40.000-45.000 km,Bensin,Hitam,Manual,,,>1.000 - 1.500 cc,,Individu,"Cilandak, Jakarta Selatan, Jakarta D.K.I.",Rp 154.000.000,
Honda,Lain-lain,Genio,1993,40.000-45.000 km,Bensin,Hitam,Manual,Rear Wheel Drive (RWD),Sedan,>1.500 - 2.000 cc,,Individu,"Rancaekek, Bandung Kab., Jawa Barat",Rp 40.000.000,
Toyota,2000,Corona,<1986,40.000-45.000 km,Bensin,Hitam,Manual,Rear Wheel Drive (RWD),Sedan,>1.500 - 2.000 cc,"['Bluetooth Audio', 'Jok kulit']",Individu,"Cimanggis, Depok Kota, Jawa Barat",Rp 75.000.000,
Suzuki,Lain-lain,Katana,1989,40.000-45.000 km,Bensin,Hitam,Manual,,,,,Individu,"Medan Helvetia, Medan Kota, Sumatra Utara",Rp 35.000.000,
Toyota,Q Venturer,Innova,2016,40.000-45.000 km,Bensin,Hitam,Manual,Front Wheel Drive (FWD),MPV,>1.500 - 2.000 cc,"['Airbag', 'Bluetooth Audio', 'Electric Window', 'Jok kulit', 'Kamera Belakang', 'Sensor Parkir']",Individu,"Jetis, Yogyakarta Kota, Yogyakarta D.I.",Rp 260.000.000,
Toyota,G,Avanza,2015,40.000-45.000 km,Bensin,Hitam,Manual,4X2,Minibus,>1.000 - 1.500 cc,"['Airbag', 'Bluetooth Audio']",Individu,"Bandung Kulon, Bandung Kota, Jawa Barat",Rp 140.000.000,
Toyota,G,Innova,2015,40.000-45.000 km,Bensin,Hitam,Manual,4X2,Minibus,>1.500 - 2.000 cc,"['Jok kulit', 'Kamera Belakang', 'Bluetooth Audio', 'Sensor Parkir', 'Airbag', 'Electric Window']",Individu,"Rappocini, Makassar Kota, Sulawesi Selatan",Rp 240.000.000,
Mitsubishi,SL,Lancer,<1986,40.000-45.000 km,Bensin,Hitam,Manual,Rear Wheel Drive (RWD),Classic Car,>1.000 - 1.500 cc,,Individu,"Jatiasih, Bekasi Kota, Jawa Barat",Rp 22.600.000,
Suzuki,GL,Ertiga,2018,40.000-45.000 km,Bensin,Hitam,Manual,,MPV,>1.000 - 1.500 cc,,Individu,"Purwakarta, Purwakarta Kab., Jawa Barat",Rp 155.000.000,
Daihatsu,Adventure R,Terios,2016,40.000-45.000 km,Bensin,Hitam,Manual,Rear Wheel Drive (RWD),SUV,>1.000 - 1.500 cc,"['Airbag', 'Bluetooth Audio', 'Electric Window', 'GPS', 'Kamera Belakang', 'Sensor Parkir']",Individu,"Telukbetung Utara, Bandar Lampung Kota, Lampung",Rp 165.000.000,
Daihatsu,X 1.3 STD,Xenia,2013,40.000-45.000 km,Bensin,Hitam,Manual,Rear Wheel Drive (RWD),SUV,>1.000 - 1.500 cc,"['Airbag', 'Jok kulit', 'Sensor Parkir', 'Electric Window']",Individu,"Medan Sunggal, Medan Kota, Sumatra Utara",Rp 112.000.000,
Toyota,G,Calya,2016,40.000-45.000 km,Bensin,Hitam,Manual,Front Wheel Drive (FWD),Sedan,>1.000 - 1.500 cc,"['Sensor Parkir', 'Jok kulit', 'Airbag']",Individu,"Gombong, Kebumen Kab., Jawa Tengah",Rp 113.000.000,
Daihatsu,Lain-lain,Espass,1997,40.000-45.000 km,Bensin,Hitam,Manual,Front Wheel Drive (FWD),Minibus,>1.000 - 1.500 cc,"['Bluetooth Audio', 'Jok kulit']",Individu,"Cengkareng, Jakarta Barat, Jakarta D.K.I.",Rp 24.000.000,
Toyota,E,Yaris,2011,40.000-45.000 km,Bensin,Hitam,Manual,Front Wheel Drive (FWD),Sedan,>1.000 - 1.500 cc,"['Airbag', 'Bluetooth Audio', 'Electric Window', 'Sensor Parkir']",Individu,"Cimahi Utara, Cimahi Kota, Jawa Barat",Rp 110.000.000,
Daihatsu,D,Sirion,2009,40.000-45.000 km,Bensin,Hitam,Manual,4X2,Hatchback,>1.000 - 1.500 cc,"['Airbag', 'Bluetooth Audio', 'Jok kulit', 'Sensor Parkir']",Individu,"Pamulang, Tangerang Selatan Kota, Banten",Rp 75.000.000,
Daihatsu,Li Sporty,Xenia,2007,40.000-45.000 km,Bensin,Hitam,Manual,4X2,Minibus,<1.000 cc,,Individu,"Gambir, Jakarta Pusat, Jakarta D.K.I.",Rp 70.000.000,
Toyota,Veloz,Avanza,2015,40.000-45.000 km,Bensin,Hitam,Manual,Front Wheel Drive (FWD),MPV,>1.500 - 2.000 cc,"['Kamera Belakang', 'Sensor Parkir', 'Bluetooth Audio', 'Jok kulit']",Individu,"Jombang, Jombang  Kab., Jawa Timur",Rp 153.000.000,
Toyota,G,Avanza,2013,40.000-45.000 km,Bensin,Hitam,Manual,4X2,MPV,>1.000 - 1.500 cc,"['Sensor Parkir', 'Airbag', 'Electric Window']",Individu,"Bogor Tengah - Kota, Bogor Kota, Jawa Barat",Rp 130.000.000,
Daihatsu,Lain-lain,Gran max Pick-up,2017,40.000-45.000 km,Bensin,Hitam,Manual,Rear Wheel Drive (RWD),Pick-up,>1.500 - 2.000 cc,,Individu,"Balapulang, Tegal Kab., Jawa Tengah",Rp 97.000.000,
Toyota,G,Vios,2004,40.000-45.000 km,Bensin,Hitam,Manual,4X2,Sedan,>1.000 - 1.500 cc,"['Bluetooth Audio', 'Electric Window', 'Jok kulit']",Individu,"Kediri, Tabanan Kab., Bali",Rp 69.000.000,
